Date,Dataset,Predicted Price,Trend
2020-01-03,processed_ds1,33964.047,No Trend
2020-01-04,processed_ds1,32400.604,Decrease
2020-01-05,processed_ds1,32286.736,Decrease
2020-01-06,processed_ds1,33906.098,Increase
2020-01-07,processed_ds1,33922.19,Increase
2020-01-08,processed_ds1,32291.242,Decrease
2020-01-09,processed_ds1,31809.121,Decrease
2020-01-10,processed_ds1,33734.574,Increase
2020-01-11,processed_ds1,31965.89,Decrease
2020-01-12,processed_ds1,32920.59,Increase
2020-01-13,processed_ds1,32155.812,Decrease
2020-01-14,processed_ds1,35561.5,Increase
2020-01-15,processed_ds1,32497.064,Decrease
2020-01-16,processed_ds1,32253.498,Decrease
2020-01-17,processed_ds1,33078.81,Increase
2020-01-18,processed_ds1,32498.627,Decrease
2020-01-19,processed_ds1,32139.256,Decrease
2020-01-20,processed_ds1,32294.629,Increase
2020-01-21,processed_ds1,32752.12,Increase
2020-01-22,processed_ds1,32324.785,Decrease
2020-01-23,processed_ds1,31815.1,Decrease
2020-01-24,processed_ds1,32576.303,Increase
2020-01-25,processed_ds1,32147.275,Decrease
2020-01-26,processed_ds1,33306.934,Increase
2020-01-27,processed_ds1,33338.074,Increase
2020-01-28,processed_ds1,34351.477,Increase
2020-01-29,processed_ds1,32343.262,Decrease
2020-01-30,processed_ds1,33189.28,Increase
2020-01-31,processed_ds1,32205.102,Decrease
2020-02-01,processed_ds1,32629.701,Increase
2020-02-02,processed_ds1,32466.363,Decrease
2020-02-03,processed_ds1,32509.434,Increase
2020-02-04,processed_ds1,32259.127,Decrease
2020-02-05,processed_ds1,33996.02,Increase
2020-02-06,processed_ds1,33064.023,Decrease
2020-02-07,processed_ds1,32709.951,Decrease
2020-02-08,processed_ds1,32836.06,Increase
2020-02-09,processed_ds1,33334.754,Increase
2020-02-10,processed_ds1,32025.988,Decrease
2020-02-11,processed_ds1,33864.395,Increase
2020-02-12,processed_ds1,32897.348,Decrease
2020-02-13,processed_ds1,32533.951,Decrease
2020-02-14,processed_ds1,32931.81,Increase
2020-02-15,processed_ds1,31836.674,Decrease
2020-02-16,processed_ds1,32760.76,Increase
2020-02-17,processed_ds1,32172.299,Decrease
2020-02-18,processed_ds1,34157.707,Increase
2020-02-19,processed_ds1,31685.072,Decrease
2020-02-20,processed_ds1,32579.88,Increase
2020-02-21,processed_ds1,32799.977,Increase
2020-02-22,processed_ds1,32499.27,Decrease
2020-02-23,processed_ds1,33428.934,Increase
2020-02-24,processed_ds1,32057.955,Decrease
2020-02-25,processed_ds1,31830.53,Decrease
2020-02-26,processed_ds1,31541.666,Decrease
2020-02-27,processed_ds1,32634.672,Increase
2020-02-28,processed_ds1,32262.605,Decrease
2020-02-29,processed_ds1,32073.363,Decrease
2020-03-01,processed_ds1,32490.307,Increase
2020-03-02,processed_ds1,33774.434,Increase
2020-03-03,processed_ds1,32125.396,Decrease
2020-03-04,processed_ds1,32458.895,Increase
2020-03-05,processed_ds1,33502.855,Increase
2020-03-06,processed_ds1,32715.857,Decrease
2020-03-07,processed_ds1,31939.43,Decrease
2020-03-08,processed_ds1,30924.06,Decrease
2020-03-09,processed_ds1,32246.004,Increase
2020-03-10,processed_ds1,32355.295,Increase
2020-03-11,processed_ds1,32591.92,Increase
2020-03-12,processed_ds1,30199.973,Decrease
2020-03-13,processed_ds1,37670.47,Increase
2020-03-14,processed_ds1,31013.537,Decrease
2020-03-15,processed_ds1,33417.5,Increase
2020-03-16,processed_ds1,31557.107,Decrease
2020-03-17,processed_ds1,33502.61,Increase
2020-03-18,processed_ds1,32655.562,Decrease
2020-03-19,processed_ds1,37401.766,Increase
2020-03-20,processed_ds1,32963.336,Decrease
2020-03-21,processed_ds1,32344.043,Decrease
2020-03-22,processed_ds1,31285.742,Decrease
2020-03-23,processed_ds1,36067.086,Increase
2020-03-24,processed_ds1,33495.62,Decrease
2020-03-25,processed_ds1,32171.041,Decrease
2020-03-26,processed_ds1,32427.303,Increase
2020-03-27,processed_ds1,31317.922,Decrease
2020-03-28,processed_ds1,31790.182,Increase
2020-03-29,processed_ds1,31148.307,Decrease
2020-03-30,processed_ds1,35051.707,Increase
2020-03-31,processed_ds1,32275.365,Decrease
2020-04-01,processed_ds1,33310.79,Increase
2020-04-02,processed_ds1,33085.934,Decrease
2020-04-03,processed_ds1,32149.574,Decrease
2020-04-04,processed_ds1,32735.145,Increase
2020-04-05,processed_ds1,31972.332,Decrease
2020-04-06,processed_ds1,34997.652,Increase
2020-04-07,processed_ds1,31921.697,Decrease
2020-04-08,processed_ds1,32935.156,Increase
2020-04-09,processed_ds1,32093.178,Decrease
2020-04-10,processed_ds1,31268.883,Decrease
2020-04-11,processed_ds1,32262.104,Increase
2020-04-12,processed_ds1,32532.033,Increase
2020-04-13,processed_ds1,32063.32,Decrease
2020-04-14,processed_ds1,32296.23,Increase
2020-04-15,processed_ds1,31597.744,Decrease
2020-04-16,processed_ds1,34512.062,Increase
2020-04-17,processed_ds1,32088.096,Decrease
2020-04-18,processed_ds1,32995.688,Increase
2020-04-19,processed_ds1,31938.027,Decrease
2020-04-20,processed_ds1,31529.102,Decrease
2020-04-21,processed_ds1,32263.979,Increase
2020-04-22,processed_ds1,33361.09,Increase
2020-04-23,processed_ds1,34005.43,Increase
2020-04-24,processed_ds1,32363.672,Decrease
2020-04-25,processed_ds1,32472.346,Increase
2020-04-26,processed_ds1,32784.297,Increase
2020-04-27,processed_ds1,32608.467,Decrease
2020-04-28,processed_ds1,32265.697,Decrease
2020-04-29,processed_ds1,37206.426,Increase
2020-04-30,processed_ds1,32484.271,Decrease
2020-05-01,processed_ds1,33129.53,Increase
2020-05-02,processed_ds1,32918.055,Decrease
2020-05-03,processed_ds1,32384.326,Decrease
2020-05-04,processed_ds1,32544.953,Increase
2020-05-05,processed_ds1,32892.707,Increase
2020-05-06,processed_ds1,33040.348,Increase
2020-05-07,processed_ds1,35897.29,Increase
2020-05-08,processed_ds1,32237.498,Decrease
2020-05-09,processed_ds1,32062.928,Decrease
2020-05-10,processed_ds1,31402.373,Decrease
2020-05-11,processed_ds1,32381.355,Increase
2020-05-12,processed_ds1,33270.562,Increase
2020-05-13,processed_ds1,34284.19,Increase
2020-05-14,processed_ds1,34251.832,Decrease
2020-05-15,processed_ds1,31692.537,Decrease
2020-05-16,processed_ds1,32777.85,Increase
2020-05-17,processed_ds1,33575.938,Increase
2020-05-18,processed_ds1,32813.664,Decrease
2020-05-19,processed_ds1,32782.066,Decrease
2020-05-20,processed_ds1,32069.096,Decrease
2020-05-21,processed_ds1,31730.406,Decrease
2020-05-22,processed_ds1,32871.64,Increase
2020-05-23,processed_ds1,32557.3,Decrease
2020-05-24,processed_ds1,31591.734,Decrease
2020-05-25,processed_ds1,33016.44,Increase
2020-05-26,processed_ds1,32378.664,Decrease
2020-05-27,processed_ds1,33700.633,Increase
2020-05-28,processed_ds1,33806.934,Increase
2020-05-29,processed_ds1,32217.49,Decrease
2020-05-30,processed_ds1,33383.418,Increase
2020-05-31,processed_ds1,32036.871,Decrease
2020-06-01,processed_ds1,35414.508,Increase
2020-06-02,processed_ds1,31504.871,Decrease
2020-06-03,processed_ds1,32972.547,Increase
2020-06-04,processed_ds1,32995.555,Increase
2020-06-05,processed_ds1,32207.102,Decrease
2020-06-06,processed_ds1,32687.521,Increase
2020-06-07,processed_ds1,32849.33,Increase
2020-06-08,processed_ds1,32670.943,Decrease
2020-06-09,processed_ds1,32599.72,Decrease
2020-06-10,processed_ds1,32921.973,Increase
2020-06-11,processed_ds1,31544.682,Decrease
2020-06-12,processed_ds1,33096.223,Increase
2020-06-13,processed_ds1,32551.164,Decrease
2020-06-14,processed_ds1,32244.646,Decrease
2020-06-15,processed_ds1,32908.777,Increase
2020-06-16,processed_ds1,32833.05,Decrease
2020-06-17,processed_ds1,32452.088,Decrease
2020-06-18,processed_ds1,32363.582,Decrease
2020-06-19,processed_ds1,32352.455,Decrease
2020-06-20,processed_ds1,32670.775,Increase
2020-06-21,processed_ds1,32362.318,Decrease
2020-06-22,processed_ds1,33845.684,Increase
2020-06-23,processed_ds1,32419.992,Decrease
2020-06-24,processed_ds1,31894.088,Decrease
2020-06-25,processed_ds1,32442.479,Increase
2020-06-26,processed_ds1,32322.164,Decrease
2020-06-27,processed_ds1,32177.816,Decrease
2020-06-28,processed_ds1,32855.895,Increase
2020-06-29,processed_ds1,32697.697,Decrease
2020-06-30,processed_ds1,32369.717,Decrease
2020-07-01,processed_ds1,32790.215,Increase
2020-07-02,processed_ds1,32194.998,Decrease
2020-07-03,processed_ds1,32425.096,Increase
2020-07-04,processed_ds1,32686.021,Increase
2020-07-05,processed_ds1,32388.135,Decrease
2020-07-06,processed_ds1,33303.934,Increase
2020-07-07,processed_ds1,32318.795,Decrease
2020-07-08,processed_ds1,33041.203,Increase
2020-07-09,processed_ds1,32085.934,Decrease
2020-07-10,processed_ds1,32666.555,Increase
2020-07-11,processed_ds1,32373.918,Decrease
2020-07-12,processed_ds1,32715.494,Increase
2020-07-13,processed_ds1,32367.033,Decrease
2020-07-14,processed_ds1,32546.021,Increase
2020-07-15,processed_ds1,32358.973,Decrease
2020-07-16,processed_ds1,32353.867,Decrease
2020-07-17,processed_ds1,32545.477,Increase
2020-07-18,processed_ds1,32524.803,Decrease
2020-07-19,processed_ds1,32607.592,Increase
2020-07-20,processed_ds1,32368.602,Decrease
2020-07-21,processed_ds1,33199.258,Increase
2020-07-22,processed_ds1,32916.41,Decrease
2020-07-23,processed_ds1,32807.16,Decrease
2020-07-24,processed_ds1,32427.518,Decrease
2020-07-25,processed_ds1,33008.348,Increase
2020-07-26,processed_ds1,33311.246,Increase
2020-07-27,processed_ds1,36933.44,Increase
2020-07-28,processed_ds1,32529.41,Decrease
2020-07-29,processed_ds1,33350.047,Increase
2020-07-30,processed_ds1,32787.945,Decrease
2020-07-31,processed_ds1,33434.414,Increase
2020-08-01,processed_ds1,34202.902,Increase
2020-08-02,processed_ds1,31882.307,Decrease
2020-08-03,processed_ds1,33242.12,Increase
2020-08-04,processed_ds1,32758.97,Decrease
2020-08-05,processed_ds1,34476.82,Increase
2020-08-06,processed_ds1,32954.383,Decrease
2020-08-07,processed_ds1,32618.602,Decrease
2020-08-08,processed_ds1,33265.266,Increase
2020-08-09,processed_ds1,32701.703,Decrease
2020-08-10,processed_ds1,33421.523,Increase
2020-08-11,processed_ds1,32069.574,Decrease
2020-08-12,processed_ds1,33270.38,Increase
2020-08-13,processed_ds1,33412.21,Increase
2020-08-14,processed_ds1,32819.5,Decrease
2020-08-15,processed_ds1,33098.63,Increase
2020-08-16,processed_ds1,33007.113,Decrease
2020-08-17,processed_ds1,34003.07,Increase
2020-08-18,processed_ds1,32355.95,Decrease
2020-08-19,processed_ds1,32535.057,Increase
2020-08-20,processed_ds1,33110.777,Increase
2020-08-21,processed_ds1,32244.29,Decrease
2020-08-22,processed_ds1,33168.133,Increase
2020-08-23,processed_ds1,32804.695,Decrease
2020-08-24,processed_ds1,33120.438,Increase
2020-08-25,processed_ds1,32119.412,Decrease
2020-08-26,processed_ds1,33157.145,Increase
2020-08-27,processed_ds1,32604.742,Decrease
2020-08-28,processed_ds1,33300.402,Increase
2020-08-29,processed_ds1,32686.246,Decrease
2020-08-30,processed_ds1,33391.957,Increase
2020-08-31,processed_ds1,32730.537,Decrease
2020-09-01,processed_ds1,33589.992,Increase
2020-09-02,processed_ds1,32066.158,Decrease
2020-09-03,processed_ds1,31134.227,Decrease
2020-09-04,processed_ds1,33696.125,Increase
2020-09-05,processed_ds1,32032.037,Decrease
2020-09-06,processed_ds1,33246.652,Increase
2020-09-07,processed_ds1,33001.63,Decrease
2020-09-08,processed_ds1,32227.848,Decrease
2020-09-09,processed_ds1,32957.855,Increase
2020-09-10,processed_ds1,32983.094,Increase
2020-09-11,processed_ds1,32800.74,Decrease
2020-09-12,processed_ds1,32815.402,Increase
2020-09-13,processed_ds1,32470.994,Decrease
2020-09-14,processed_ds1,33732.938,Increase
2020-09-15,processed_ds1,33029.977,Decrease
2020-09-16,processed_ds1,33211.57,Increase
2020-09-17,processed_ds1,32765.533,Decrease
2020-09-18,processed_ds1,32742.51,Decrease
2020-09-19,processed_ds1,33146.19,Increase
2020-09-20,processed_ds1,32443.336,Decrease
2020-09-21,processed_ds1,31837.424,Decrease
2020-09-22,processed_ds1,32980.63,Increase
2020-09-23,processed_ds1,32088.879,Decrease
2020-09-24,processed_ds1,34279.99,Increase
2020-09-25,processed_ds1,32608.133,Decrease
2020-09-26,processed_ds1,32804.29,Increase
2020-09-27,processed_ds1,32845.58,Increase
2020-09-28,processed_ds1,32563.877,Decrease
2020-09-29,processed_ds1,33095.54,Increase
2020-09-30,processed_ds1,32582.447,Decrease
2020-10-01,processed_ds1,32460.46,Decrease
2020-10-02,processed_ds1,32623.922,Increase
2020-10-03,processed_ds1,32608.941,Decrease
2020-10-04,processed_ds1,33020.08,Increase
2020-10-05,processed_ds1,33000.67,Decrease
2020-10-06,processed_ds1,32325.434,Decrease
2020-10-07,processed_ds1,32860.613,Increase
2020-10-08,processed_ds1,33415.508,Increase
2020-10-09,processed_ds1,33091.625,Decrease
2020-10-10,processed_ds1,33435.3,Increase
2020-10-11,processed_ds1,32967.645,Decrease
2020-10-12,processed_ds1,33284.258,Increase
2020-10-13,processed_ds1,32602.152,Decrease
2020-10-14,processed_ds1,32829.05,Increase
2020-10-15,processed_ds1,33046.33,Increase
2020-10-16,processed_ds1,32467.643,Decrease
2020-10-17,processed_ds1,32881.57,Increase
2020-10-18,processed_ds1,33142.773,Increase
2020-10-19,processed_ds1,33470.695,Increase
2020-10-20,processed_ds1,33274.3,Decrease
2020-10-21,processed_ds1,35943.535,Increase
2020-10-22,processed_ds1,33442.715,Decrease
2020-10-23,processed_ds1,32970.953,Decrease
2020-10-24,processed_ds1,33437.863,Increase
2020-10-25,processed_ds1,32949.72,Decrease
2020-10-26,processed_ds1,33164.094,Increase
2020-10-27,processed_ds1,34715.457,Increase
2020-10-28,processed_ds1,32631.291,Decrease
2020-10-29,processed_ds1,33566.383,Increase
2020-10-30,processed_ds1,33390.664,Decrease
2020-10-31,processed_ds1,33735.21,Increase
2020-11-01,processed_ds1,33089.137,Decrease
2020-11-02,processed_ds1,32868.76,Decrease
2020-11-03,processed_ds1,34332.62,Increase
2020-11-04,processed_ds1,33541.203,Decrease
2020-11-05,processed_ds1,37490.28,Increase
2020-11-06,processed_ds1,33510.402,Decrease
2020-11-07,processed_ds1,32495.395,Decrease
2020-11-08,processed_ds1,35074.836,Increase
2020-11-09,processed_ds1,33308.668,Decrease
2020-11-10,processed_ds1,33362.113,Increase
2020-11-11,processed_ds1,34308.33,Increase
2020-11-12,processed_ds1,34953.598,Increase
2020-11-13,processed_ds1,33624.332,Decrease
2020-11-14,processed_ds1,33172.15,Decrease
2020-11-15,processed_ds1,33307.723,Increase
2020-11-16,processed_ds1,35487.098,Increase
2020-11-17,processed_ds1,36115.523,Increase
2020-11-18,processed_ds1,34188.496,Decrease
2020-11-19,processed_ds1,33901.562,Decrease
2020-11-20,processed_ds1,35943.336,Increase
2020-11-21,processed_ds1,33965.65,Decrease
2020-11-22,processed_ds1,33626.227,Decrease
2020-11-23,processed_ds1,33881.387,Increase
2020-11-24,processed_ds1,35838.53,Increase
2020-11-25,processed_ds1,33463.95,Decrease
2020-11-26,processed_ds1,32429.855,Decrease
2020-11-27,processed_ds1,33741.32,Increase
2020-11-28,processed_ds1,35158.633,Increase
2020-11-29,processed_ds1,34801.367,Decrease
2020-11-30,processed_ds1,37696.58,Increase
2020-12-01,processed_ds1,33042.953,Decrease
2020-12-02,processed_ds1,34990.92,Increase
2020-12-03,processed_ds1,34457.375,Decrease
2020-12-04,processed_ds1,33025.242,Decrease
2020-12-05,processed_ds1,34970.094,Increase
2020-12-06,processed_ds1,34432.223,Decrease
2020-12-07,processed_ds1,33728.082,Decrease
2020-12-08,processed_ds1,32916.832,Decrease
2020-12-09,processed_ds1,34401.58,Increase
2020-12-10,processed_ds1,33469.793,Decrease
2020-12-11,processed_ds1,33545.28,Increase
2020-12-12,processed_ds1,35707.207,Increase
2020-12-13,processed_ds1,34718.43,Decrease
2020-12-14,processed_ds1,34129.797,Decrease
2020-12-15,processed_ds1,34299.79,Increase
2020-12-16,processed_ds1,39072.78,Increase
2020-12-17,processed_ds1,38133.883,Decrease
2020-12-18,processed_ds1,35350.637,Decrease
2020-12-19,processed_ds1,36383.965,Increase
2020-12-20,processed_ds1,34410.566,Decrease
2020-12-21,processed_ds1,34035.887,Decrease
2020-12-22,processed_ds1,37116.0,Increase
2020-12-23,processed_ds1,34178.36,Decrease
2020-12-24,processed_ds1,35829.176,Increase
2020-12-25,processed_ds1,36969.06,Increase
2020-12-26,processed_ds1,39358.016,Increase
2020-12-27,processed_ds1,35681.363,Decrease
2020-12-28,processed_ds1,37117.914,Increase
2020-12-29,processed_ds1,36370.19,Decrease
2020-12-30,processed_ds1,39157.117,Increase
2020-12-31,processed_ds1,36333.324,Decrease
2021-01-01,processed_ds1,36875.4,Increase
2021-01-02,processed_ds1,42810.65,Increase
2021-01-03,processed_ds1,39233.37,Decrease
2021-01-04,processed_ds1,36598.867,Decrease
2021-01-05,processed_ds1,41646.93,Increase
2021-01-06,processed_ds1,43631.848,Increase
2021-01-07,processed_ds1,44209.887,Increase
2021-01-08,processed_ds1,42655.2,Decrease
2021-01-09,processed_ds1,39805.664,Decrease
2021-01-10,processed_ds1,37434.613,Decrease
2021-01-11,processed_ds1,36268.82,Decrease
2021-01-12,processed_ds1,36341.656,Increase
2021-01-13,processed_ds1,44188.168,Increase
2021-01-14,processed_ds1,43073.6,Decrease
2021-01-15,processed_ds1,36413.87,Decrease
2021-01-16,processed_ds1,37592.6,Increase
2021-01-17,processed_ds1,38474.51,Increase
2021-01-18,processed_ds1,40334.4,Increase
2021-01-19,processed_ds1,37770.215,Decrease
2021-01-20,processed_ds1,37820.133,Increase
2021-01-21,processed_ds1,33568.15,Decrease
2021-01-22,processed_ds1,41771.477,Increase
2021-01-23,processed_ds1,35941.977,Decrease
2021-01-24,processed_ds1,37595.38,Increase
2021-01-25,processed_ds1,37712.22,Increase
2021-01-26,processed_ds1,37822.324,Increase
2021-01-27,processed_ds1,34588.613,Decrease
2021-01-28,processed_ds1,43139.45,Increase
2021-01-29,processed_ds1,40498.363,Decrease
2021-01-30,processed_ds1,37991.566,Decrease
2021-01-31,processed_ds1,35911.082,Decrease
2021-02-01,processed_ds1,38613.664,Increase
2021-02-02,processed_ds1,42028.395,Increase
2021-02-03,processed_ds1,42941.59,Increase
2021-02-04,processed_ds1,38146.87,Decrease
2021-02-05,processed_ds1,41698.703,Increase
2021-02-06,processed_ds1,41838.223,Increase
2021-02-07,processed_ds1,39223.78,Decrease
2021-02-08,processed_ds1,48573.723,Increase
2021-02-09,processed_ds1,43593.074,Decrease
2021-02-10,processed_ds1,40485.094,Decrease
2021-02-11,processed_ds1,46584.414,Increase
2021-02-12,processed_ds1,43027.066,Decrease
2021-02-13,processed_ds1,43230.875,Increase
2021-02-14,processed_ds1,45645.414,Increase
2021-02-15,processed_ds1,43118.523,Decrease
2021-02-16,processed_ds1,45629.617,Increase
2021-02-17,processed_ds1,47367.4,Increase
2021-02-18,processed_ds1,44574.176,Decrease
2021-02-19,processed_ds1,48939.76,Increase
2021-02-20,processed_ds1,46650.97,Decrease
2021-02-21,processed_ds1,47938.305,Increase
2021-02-22,processed_ds1,43491.008,Decrease
2021-02-23,processed_ds1,39108.11,Decrease
2021-02-24,processed_ds1,45434.55,Increase
2021-02-25,processed_ds1,40666.375,Decrease
2021-02-26,processed_ds1,42791.363,Increase
2021-02-27,processed_ds1,43184.785,Increase
2021-02-28,processed_ds1,41468.35,Decrease
2021-03-01,processed_ds1,47667.293,Increase
2021-03-02,processed_ds1,42863.258,Decrease
2021-03-03,processed_ds1,46519.367,Increase
2021-03-04,processed_ds1,42144.23,Decrease
2021-03-05,processed_ds1,44608.855,Increase
2021-03-06,processed_ds1,44105.047,Decrease
2021-03-07,processed_ds1,46611.88,Increase
2021-03-08,processed_ds1,46353.75,Decrease
2021-03-09,processed_ds1,47790.656,Increase
2021-03-10,processed_ds1,47199.582,Decrease
2021-03-11,processed_ds1,48186.72,Increase
2021-03-12,processed_ds1,46593.285,Decrease
2021-03-13,processed_ds1,50023.89,Increase
2021-03-14,processed_ds1,46277.277,Decrease
2021-03-15,processed_ds1,44462.652,Decrease
2021-03-16,processed_ds1,47418.86,Increase
2021-03-17,processed_ds1,48445.58,Increase
2021-03-18,processed_ds1,46444.473,Decrease
2021-03-19,processed_ds1,47513.07,Increase
2021-03-20,processed_ds1,47323.145,Decrease
2021-03-21,processed_ds1,46565.34,Decrease
2021-03-22,processed_ds1,43662.414,Decrease
2021-03-23,processed_ds1,46405.58,Increase
2021-03-24,processed_ds1,44241.062,Decrease
2021-03-25,processed_ds1,44224.016,Decrease
2021-03-26,processed_ds1,48471.82,Increase
2021-03-27,processed_ds1,47062.07,Decrease
2021-03-28,processed_ds1,46436.18,Decrease
2021-03-29,processed_ds1,48151.19,Increase
2021-03-30,processed_ds1,48068.75,Decrease
2021-03-31,processed_ds1,47401.664,Decrease
2021-04-01,processed_ds1,47341.34,Decrease
2021-04-02,processed_ds1,47664.277,Increase
2021-04-03,processed_ds1,45688.18,Decrease
2021-04-04,processed_ds1,47864.793,Increase
2021-04-05,processed_ds1,47863.535,Decrease
2021-04-06,processed_ds1,46560.215,Decrease
2021-04-07,processed_ds1,45166.156,Decrease
2021-04-08,processed_ds1,48380.277,Increase
2021-04-09,processed_ds1,47232.38,Decrease
2021-04-10,processed_ds1,48694.652,Increase
2021-04-11,processed_ds1,47879.043,Decrease
2021-04-12,processed_ds1,47723.387,Decrease
2021-04-13,processed_ds1,50555.855,Increase
2021-04-14,processed_ds1,48411.28,Decrease
2021-04-15,processed_ds1,48814.617,Increase
2021-04-16,processed_ds1,47190.61,Decrease
2021-04-17,processed_ds1,47138.22,Decrease
2021-04-18,processed_ds1,44178.418,Decrease
2021-04-19,processed_ds1,46228.04,Increase
2021-04-20,processed_ds1,47199.574,Increase
2021-04-21,processed_ds1,43711.13,Decrease
2021-04-22,processed_ds1,43738.316,Increase
2021-04-23,processed_ds1,44634.023,Increase
2021-04-24,processed_ds1,43506.53,Decrease
2021-04-25,processed_ds1,43167.883,Decrease
2021-04-26,processed_ds1,48893.008,Increase
2021-04-27,processed_ds1,46931.367,Decrease
2021-04-28,processed_ds1,46213.336,Decrease
2021-04-29,processed_ds1,44809.86,Decrease
2021-04-30,processed_ds1,49301.258,Increase
2021-05-01,processed_ds1,47152.45,Decrease
2021-05-02,processed_ds1,45833.89,Decrease
2021-05-03,processed_ds1,47400.926,Increase
2021-05-04,processed_ds1,42990.6,Decrease
2021-05-05,processed_ds1,49078.414,Increase
2021-05-06,processed_ds1,46151.453,Decrease
2021-05-07,processed_ds1,47594.04,Increase
2021-05-08,processed_ds1,48292.93,Increase
2021-05-09,processed_ds1,46866.633,Decrease
2021-05-10,processed_ds1,45157.68,Decrease
2021-05-11,processed_ds1,47248.215,Increase
2021-05-12,processed_ds1,37747.434,Decrease
2021-05-13,processed_ds1,45004.95,Increase
2021-05-14,processed_ds1,44833.227,Decrease
2021-05-15,processed_ds1,39737.863,Decrease
2021-05-16,processed_ds1,43485.094,Increase
2021-05-17,processed_ds1,38321.83,Decrease
2021-05-18,processed_ds1,41141.69,Increase
2021-05-19,processed_ds1,35257.68,Decrease
2021-05-20,processed_ds1,45438.32,Increase
2021-05-21,processed_ds1,36330.598,Decrease
2021-05-22,processed_ds1,39757.99,Increase
2021-05-23,processed_ds1,35860.66,Decrease
2021-05-24,processed_ds1,45345.066,Increase
2021-05-25,processed_ds1,39248.973,Decrease
2021-05-26,processed_ds1,41670.707,Increase
2021-05-27,processed_ds1,38611.52,Decrease
2021-05-28,processed_ds1,35475.344,Decrease
2021-05-29,processed_ds1,36832.844,Increase
2021-05-30,processed_ds1,40531.805,Increase
2021-05-31,processed_ds1,42042.76,Increase
2021-06-01,processed_ds1,38003.047,Decrease
2021-06-02,processed_ds1,40789.695,Increase
2021-06-03,processed_ds1,42667.906,Increase
2021-06-04,processed_ds1,36076.227,Decrease
2021-06-05,processed_ds1,36668.812,Increase
2021-06-06,processed_ds1,39004.727,Increase
2021-06-07,processed_ds1,35302.46,Decrease
2021-06-08,processed_ds1,37490.7,Increase
2021-06-09,processed_ds1,44882.715,Increase
2021-06-10,processed_ds1,37982.34,Decrease
2021-06-11,processed_ds1,40227.777,Increase
2021-06-12,processed_ds1,35978.5,Decrease
2021-06-13,processed_ds1,44882.25,Increase
2021-06-14,processed_ds1,42972.613,Decrease
2021-06-15,processed_ds1,39834.973,Decrease
2021-06-16,processed_ds1,36974.45,Decrease
2021-06-17,processed_ds1,39148.96,Increase
2021-06-18,processed_ds1,35695.133,Decrease
2021-06-19,processed_ds1,38024.36,Increase
2021-06-20,processed_ds1,38736.28,Increase
2021-06-21,processed_ds1,33939.305,Decrease
2021-06-22,processed_ds1,39193.652,Increase
2021-06-23,processed_ds1,40160.266,Increase
2021-06-24,processed_ds1,40042.125,Decrease
2021-06-25,processed_ds1,34369.074,Decrease
2021-06-26,processed_ds1,38542.207,Increase
2021-06-27,processed_ds1,42554.836,Increase
2021-06-28,processed_ds1,37642.86,Decrease
2021-06-29,processed_ds1,41063.47,Increase
2021-06-30,processed_ds1,36962.285,Decrease
2021-07-01,processed_ds1,35709.47,Decrease
2021-07-02,processed_ds1,38145.812,Increase
2021-07-03,processed_ds1,39743.254,Increase
2021-07-04,processed_ds1,39292.58,Decrease
2021-07-05,processed_ds1,35612.203,Decrease
2021-07-06,processed_ds1,38937.383,Increase
2021-07-07,processed_ds1,37183.664,Decrease
2021-07-08,processed_ds1,35965.082,Decrease
2021-07-09,processed_ds1,39470.832,Increase
2021-07-10,processed_ds1,37096.77,Decrease
2021-07-11,processed_ds1,39168.32,Increase
2021-07-12,processed_ds1,35957.81,Decrease
2021-07-13,processed_ds1,36583.945,Increase
2021-07-14,processed_ds1,37512.582,Increase
2021-07-15,processed_ds1,35779.93,Decrease
2021-07-16,processed_ds1,36184.797,Increase
2021-07-17,processed_ds1,37022.58,Increase
2021-07-18,processed_ds1,37496.383,Increase
2021-07-19,processed_ds1,35433.484,Decrease
2021-07-20,processed_ds1,35134.33,Decrease
2021-07-21,processed_ds1,41854.0,Increase
2021-07-22,processed_ds1,37385.453,Decrease
2021-07-23,processed_ds1,40059.73,Increase
2021-07-24,processed_ds1,37973.57,Decrease
2021-07-25,processed_ds1,40887.145,Increase
2021-07-26,processed_ds1,42937.836,Increase
2021-07-27,processed_ds1,43498.86,Increase
2021-07-28,processed_ds1,41252.832,Decrease
2021-07-29,processed_ds1,40228.234,Decrease
2021-07-30,processed_ds1,44319.367,Increase
2021-07-31,processed_ds1,39894.633,Decrease
2021-08-01,processed_ds1,38077.047,Decrease
2021-08-02,processed_ds1,38864.484,Increase
2021-08-03,processed_ds1,37977.734,Decrease
2021-08-04,processed_ds1,42808.67,Increase
2021-08-05,processed_ds1,42623.62,Decrease
2021-08-06,processed_ds1,44277.188,Increase
2021-08-07,processed_ds1,44565.453,Increase
2021-08-08,processed_ds1,40917.125,Decrease
2021-08-09,processed_ds1,45702.555,Increase
2021-08-10,processed_ds1,41900.28,Decrease
2021-08-11,processed_ds1,42810.387,Increase
2021-08-12,processed_ds1,40792.023,Decrease
2021-08-13,processed_ds1,46687.832,Increase
2021-08-14,processed_ds1,42575.277,Decrease
2021-08-15,processed_ds1,43198.293,Increase
2021-08-16,processed_ds1,41860.723,Decrease
2021-08-17,processed_ds1,40913.29,Decrease
2021-08-18,processed_ds1,42605.613,Increase
2021-08-19,processed_ds1,45468.164,Increase
2021-08-20,processed_ds1,46471.566,Increase
2021-08-21,processed_ds1,43526.336,Decrease
2021-08-22,processed_ds1,44493.285,Increase
2021-08-23,processed_ds1,44634.2,Increase
2021-08-24,processed_ds1,41560.05,Decrease
2021-08-25,processed_ds1,45424.137,Increase
2021-08-26,processed_ds1,40768.215,Decrease
2021-08-27,processed_ds1,46183.26,Increase
2021-08-28,processed_ds1,43701.645,Decrease
2021-08-29,processed_ds1,43910.195,Increase
2021-08-30,processed_ds1,41170.355,Decrease
2021-08-31,processed_ds1,43593.81,Increase
2021-09-01,processed_ds1,45764.535,Increase
2021-09-02,processed_ds1,44780.418,Decrease
2021-09-03,processed_ds1,45407.867,Increase
2021-09-04,processed_ds1,44260.8,Decrease
2021-09-05,processed_ds1,46584.133,Increase
2021-09-06,processed_ds1,46163.426,Decrease
2021-09-07,processed_ds1,37624.727,Decrease
2021-09-08,processed_ds1,42202.797,Increase
2021-09-09,processed_ds1,43539.316,Increase
2021-09-10,processed_ds1,40549.027,Decrease
2021-09-11,processed_ds1,43003.18,Increase
2021-09-12,processed_ds1,43990.95,Increase
2021-09-13,processed_ds1,41228.176,Decrease
2021-09-14,processed_ds1,45627.145,Increase
2021-09-15,processed_ds1,44892.434,Decrease
2021-09-16,processed_ds1,43152.477,Decrease
2021-09-17,processed_ds1,42889.688,Decrease
2021-09-18,processed_ds1,44943.246,Increase
2021-09-19,processed_ds1,42115.824,Decrease
2021-09-20,processed_ds1,36559.863,Decrease
2021-09-21,processed_ds1,37714.336,Increase
2021-09-22,processed_ds1,45404.887,Increase
2021-09-23,processed_ds1,44063.08,Decrease
2021-09-24,processed_ds1,39001.66,Decrease
2021-09-25,processed_ds1,41147.43,Increase
2021-09-26,processed_ds1,42638.844,Increase
2021-09-27,processed_ds1,39944.65,Decrease
2021-09-28,processed_ds1,39109.32,Decrease
2021-09-29,processed_ds1,41866.17,Increase
2021-09-30,processed_ds1,44902.613,Increase
2021-10-01,processed_ds1,47303.29,Increase
2021-10-02,processed_ds1,42904.92,Decrease
2021-10-03,processed_ds1,44490.74,Increase
2021-10-04,processed_ds1,45307.098,Increase
2021-10-05,processed_ds1,46799.254,Increase
2021-10-06,processed_ds1,48571.13,Increase
2021-10-07,processed_ds1,44493.85,Decrease
2021-10-08,processed_ds1,46231.5,Increase
2021-10-09,processed_ds1,46928.79,Increase
2021-10-10,processed_ds1,46138.445,Decrease
2021-10-11,processed_ds1,48601.0,Increase
2021-10-12,processed_ds1,45627.06,Decrease
2021-10-13,processed_ds1,47744.434,Increase
2021-10-14,processed_ds1,47005.02,Decrease
2021-10-15,processed_ds1,50375.31,Increase
2021-10-16,processed_ds1,47598.36,Decrease
2021-10-17,processed_ds1,48499.25,Increase
2021-10-18,processed_ds1,48629.195,Increase
2021-10-19,processed_ds1,50106.082,Increase
2021-10-20,processed_ds1,50409.72,Increase
2021-10-21,processed_ds1,46457.555,Decrease
2021-10-22,processed_ds1,47277.582,Increase
2021-10-23,processed_ds1,48460.402,Increase
2021-10-24,processed_ds1,47716.266,Decrease
2021-10-25,processed_ds1,49817.336,Increase
2021-10-26,processed_ds1,46290.21,Decrease
2021-10-27,processed_ds1,46336.367,Increase
2021-10-28,processed_ds1,49193.53,Increase
2021-10-29,processed_ds1,49330.19,Increase
2021-10-30,processed_ds1,48026.51,Decrease
2021-10-31,processed_ds1,47853.14,Decrease
2021-11-01,processed_ds1,47863.86,Increase
2021-11-02,processed_ds1,49940.805,Increase
2021-11-03,processed_ds1,48406.23,Decrease
2021-11-04,processed_ds1,47362.883,Decrease
2021-11-05,processed_ds1,47881.035,Increase
2021-11-06,processed_ds1,48407.52,Increase
2021-11-07,processed_ds1,49616.027,Increase
2021-11-08,processed_ds1,51813.344,Increase
2021-11-09,processed_ds1,49583.906,Decrease
2021-11-10,processed_ds1,48389.402,Decrease
2021-11-11,processed_ds1,49124.855,Increase
2021-11-12,processed_ds1,48648.055,Decrease
2021-11-13,processed_ds1,49184.11,Increase
2021-11-14,processed_ds1,49895.254,Increase
2021-11-15,processed_ds1,47933.586,Decrease
2021-11-16,processed_ds1,45772.363,Decrease
2021-11-17,processed_ds1,47982.863,Increase
2021-11-18,processed_ds1,44612.816,Decrease
2021-11-19,processed_ds1,47811.652,Increase
2021-11-20,processed_ds1,48549.06,Increase
2021-11-21,processed_ds1,46764.77,Decrease
2021-11-22,processed_ds1,45066.715,Decrease
2021-11-23,processed_ds1,47762.94,Increase
2021-11-24,processed_ds1,46634.11,Decrease
2021-11-25,processed_ds1,48451.34,Increase
2021-11-26,processed_ds1,41416.336,Decrease
2021-11-27,processed_ds1,46889.082,Increase
2021-11-28,processed_ds1,48352.09,Increase
2021-11-29,processed_ds1,47456.78,Decrease
2021-11-30,processed_ds1,46415.207,Decrease
2021-12-01,processed_ds1,47269.07,Increase
2021-12-02,processed_ds1,46171.203,Decrease
2021-12-03,processed_ds1,43862.074,Decrease
2021-12-04,processed_ds1,40065.74,Decrease
2021-12-05,processed_ds1,44445.574,Increase
2021-12-06,processed_ds1,45806.125,Increase
2021-12-07,processed_ds1,44873.867,Decrease
2021-12-08,processed_ds1,44640.324,Decrease
2021-12-09,processed_ds1,40360.273,Decrease
2021-12-10,processed_ds1,43353.62,Increase
2021-12-11,processed_ds1,46215.76,Increase
2021-12-12,processed_ds1,45372.742,Decrease
2021-12-13,processed_ds1,39372.434,Decrease
2021-12-14,processed_ds1,45607.402,Increase
2021-12-15,processed_ds1,44752.04,Decrease
2021-12-16,processed_ds1,42229.047,Decrease
2021-12-17,processed_ds1,41250.27,Decrease
2021-12-18,processed_ds1,44069.215,Increase
2021-12-19,processed_ds1,43218.88,Decrease
2021-12-20,processed_ds1,43547.137,Increase
2021-12-21,processed_ds1,46024.094,Increase
2021-12-22,processed_ds1,43556.53,Decrease
2021-12-23,processed_ds1,46617.41,Increase
2021-12-24,processed_ds1,44774.47,Decrease
2021-12-25,processed_ds1,44117.258,Decrease
2021-12-26,processed_ds1,45151.992,Increase
2021-12-27,processed_ds1,44717.973,Decrease
2021-12-28,processed_ds1,39963.21,Decrease
2021-12-29,processed_ds1,41865.113,Increase
2021-12-30,processed_ds1,44196.07,Increase
2021-12-31,processed_ds1,42219.336,Decrease
2022-01-01,processed_ds1,45199.07,Increase
2022-01-02,processed_ds1,42886.51,Decrease
2022-01-03,processed_ds1,42040.168,Decrease
2022-01-04,processed_ds1,42277.266,Increase
2022-01-05,processed_ds1,39035.797,Decrease
2022-01-06,processed_ds1,41110.06,Increase
2022-01-07,processed_ds1,38768.14,Decrease
2022-01-08,processed_ds1,41210.79,Increase
2022-01-09,processed_ds1,41404.633,Increase
2022-01-10,processed_ds1,41087.785,Decrease
2022-01-11,processed_ds1,42868.664,Increase
2022-01-12,processed_ds1,43596.668,Increase
2022-01-13,processed_ds1,39596.496,Decrease
2022-01-14,processed_ds1,42397.566,Increase
2022-01-15,processed_ds1,41659.83,Decrease
2022-01-16,processed_ds1,41501.61,Decrease
2022-01-17,processed_ds1,39941.684,Decrease
2022-01-18,processed_ds1,41478.062,Increase
2022-01-19,processed_ds1,39938.78,Decrease
2022-01-20,processed_ds1,39558.613,Decrease
2022-01-21,processed_ds1,34998.63,Decrease
2022-01-22,processed_ds1,36309.805,Increase
2022-01-23,processed_ds1,40790.777,Increase
2022-01-24,processed_ds1,39919.613,Decrease
2022-01-25,processed_ds1,39439.56,Decrease
2022-01-26,processed_ds1,39009.418,Decrease
2022-01-27,processed_ds1,39601.45,Increase
2022-01-28,processed_ds1,40242.58,Increase
2022-01-29,processed_ds1,40159.176,Decrease
2022-01-30,processed_ds1,38818.285,Decrease
2022-01-31,processed_ds1,40565.82,Increase
2022-02-01,processed_ds1,40014.125,Decrease
2022-02-02,processed_ds1,36297.113,Decrease
2022-02-03,processed_ds1,39627.32,Increase
2022-02-04,processed_ds1,46040.773,Increase
2022-02-05,processed_ds1,40546.42,Decrease
2022-02-06,processed_ds1,42796.805,Increase
2022-02-07,processed_ds1,44037.95,Increase
2022-02-08,processed_ds1,42634.773,Decrease
2022-02-09,processed_ds1,42755.957,Increase
2022-02-10,processed_ds1,40892.58,Decrease
2022-02-11,processed_ds1,39754.777,Decrease
2022-02-12,processed_ds1,40949.062,Increase
2022-02-13,processed_ds1,40884.25,Decrease
2022-02-14,processed_ds1,42074.65,Increase
2022-02-15,processed_ds1,44754.637,Increase
2022-02-16,processed_ds1,40960.44,Decrease
2022-02-17,processed_ds1,36443.453,Decrease
2022-02-18,processed_ds1,39405.28,Increase
2022-02-19,processed_ds1,40318.523,Increase
2022-02-20,processed_ds1,37010.793,Decrease
2022-02-21,processed_ds1,37215.65,Increase
2022-02-22,processed_ds1,41584.71,Increase
2022-02-23,processed_ds1,37667.03,Decrease
2022-02-24,processed_ds1,41725.355,Increase
2022-02-25,processed_ds1,41364.867,Decrease
2022-02-26,processed_ds1,39765.93,Decrease
2022-02-27,processed_ds1,37355.844,Decrease
2022-02-28,processed_ds1,47114.375,Increase
2022-03-01,processed_ds1,43899.23,Decrease
2022-03-02,processed_ds1,41412.516,Decrease
2022-03-03,processed_ds1,39361.14,Decrease
2022-03-04,processed_ds1,38360.797,Decrease
2022-03-05,processed_ds1,40055.617,Increase
2022-03-06,processed_ds1,38975.58,Decrease
2022-03-07,processed_ds1,39975.332,Increase
2022-03-08,processed_ds1,40341.438,Increase
2022-03-09,processed_ds1,41231.008,Increase
2022-03-10,processed_ds1,39020.812,Decrease
2022-03-11,processed_ds1,39727.52,Increase
2022-03-12,processed_ds1,39907.19,Increase
2022-03-13,processed_ds1,38647.285,Decrease
2022-03-14,processed_ds1,41286.805,Increase
2022-03-15,processed_ds1,39722.734,Decrease
2022-03-16,processed_ds1,40542.117,Increase
2022-03-17,processed_ds1,39733.1,Decrease
2022-03-18,processed_ds1,40596.17,Increase
2022-03-19,processed_ds1,41935.58,Increase
2022-03-20,processed_ds1,39396.92,Decrease
2022-03-21,processed_ds1,40309.83,Increase
2022-03-22,processed_ds1,43307.85,Increase
2022-03-23,processed_ds1,42284.793,Decrease
2022-03-24,processed_ds1,43293.26,Increase
2022-03-25,processed_ds1,42540.06,Decrease
2022-03-26,processed_ds1,42477.48,Decrease
2022-03-27,processed_ds1,45436.586,Increase
2022-03-28,processed_ds1,43132.69,Decrease
2022-03-29,processed_ds1,43462.152,Increase
2022-03-30,processed_ds1,42484.668,Decrease
2022-03-31,processed_ds1,40614.28,Decrease
2022-04-01,processed_ds1,43514.43,Increase
2022-04-02,processed_ds1,42242.613,Decrease
2022-04-03,processed_ds1,43691.58,Increase
2022-04-04,processed_ds1,43169.78,Decrease
2022-04-05,processed_ds1,41190.81,Decrease
2022-04-06,processed_ds1,38374.105,Decrease
2022-04-07,processed_ds1,42166.25,Increase
2022-04-08,processed_ds1,39661.53,Decrease
2022-04-09,processed_ds1,42149.66,Increase
2022-04-10,processed_ds1,40389.188,Decrease
2022-04-11,processed_ds1,36983.406,Decrease
2022-04-12,processed_ds1,41483.41,Increase
2022-04-13,processed_ds1,42591.902,Increase
2022-04-14,processed_ds1,38629.45,Decrease
2022-04-15,processed_ds1,41572.766,Increase
2022-04-16,processed_ds1,40045.01,Decrease
2022-04-17,processed_ds1,39082.773,Decrease
2022-04-18,processed_ds1,42584.33,Increase
2022-04-19,processed_ds1,42100.98,Decrease
2022-04-20,processed_ds1,40767.08,Decrease
2022-04-21,processed_ds1,39812.055,Decrease
2022-04-22,processed_ds1,39137.562,Decrease
2022-04-23,processed_ds1,39500.766,Increase
2022-04-24,processed_ds1,40142.33,Increase
2022-04-25,processed_ds1,42154.13,Increase
2022-04-26,processed_ds1,37008.77,Decrease
2022-04-27,processed_ds1,42090.07,Increase
2022-04-28,processed_ds1,41258.39,Decrease
2022-04-29,processed_ds1,38102.902,Decrease
2022-04-30,processed_ds1,37904.188,Decrease
2022-05-01,processed_ds1,41135.1,Increase
2022-05-02,processed_ds1,39959.133,Decrease
2022-05-03,processed_ds1,38189.816,Decrease
2022-05-04,processed_ds1,43192.895,Increase
2022-05-05,processed_ds1,36142.996,Decrease
2022-05-06,processed_ds1,38223.71,Increase
2022-05-07,processed_ds1,37729.17,Decrease
2022-05-08,processed_ds1,36701.215,Decrease
2022-05-09,processed_ds1,33542.977,Decrease
2022-05-10,processed_ds1,38885.51,Increase
2022-05-11,processed_ds1,34644.684,Decrease
2022-05-12,processed_ds1,36645.906,Increase
2022-05-13,processed_ds1,37074.3,Increase
2022-05-14,processed_ds1,38008.188,Increase
2022-05-15,processed_ds1,39276.023,Increase
2022-05-16,processed_ds1,34809.953,Decrease
2022-05-17,processed_ds1,37640.766,Increase
2022-05-18,processed_ds1,34311.25,Decrease
2022-05-19,processed_ds1,39825.96,Increase
2022-05-20,processed_ds1,34957.42,Decrease
2022-05-21,processed_ds1,36564.996,Increase
2022-05-22,processed_ds1,38124.258,Increase
2022-05-23,processed_ds1,34830.875,Decrease
2022-05-24,processed_ds1,37288.74,Increase
2022-05-25,processed_ds1,36126.51,Decrease
2022-05-26,processed_ds1,35890.2,Decrease
2022-05-27,processed_ds1,35233.51,Decrease
2022-05-28,processed_ds1,36735.777,Increase
2022-05-29,processed_ds1,36911.44,Increase
2022-05-30,processed_ds1,41565.69,Increase
2022-05-31,processed_ds1,37103.965,Decrease
2022-06-01,processed_ds1,34438.812,Decrease
2022-06-02,processed_ds1,37745.973,Increase
2022-06-03,processed_ds1,35366.785,Decrease
2022-06-04,processed_ds1,36476.586,Increase
2022-06-05,processed_ds1,36365.14,Decrease
2022-06-06,processed_ds1,39795.02,Increase
2022-06-07,processed_ds1,36607.066,Decrease
2022-06-08,processed_ds1,35308.027,Decrease
2022-06-09,processed_ds1,36241.316,Increase
2022-06-10,processed_ds1,34946.035,Decrease
2022-06-11,processed_ds1,35133.543,Increase
2022-06-12,processed_ds1,33825.426,Decrease
2022-06-13,processed_ds1,32183.857,Decrease
2022-06-14,processed_ds1,34592.17,Increase
2022-06-15,processed_ds1,35949.855,Increase
2022-06-16,processed_ds1,32479.299,Decrease
2022-06-17,processed_ds1,34482.6,Increase
2022-06-18,processed_ds1,32945.914,Decrease
2022-06-19,processed_ds1,38148.312,Increase
2022-06-20,processed_ds1,34444.207,Decrease
2022-06-21,processed_ds1,34766.598,Increase
2022-06-22,processed_ds1,33323.04,Decrease
2022-06-23,processed_ds1,36843.777,Increase
2022-06-24,processed_ds1,34623.88,Decrease
2022-06-25,processed_ds1,34877.48,Increase
2022-06-26,processed_ds1,33829.863,Decrease
2022-06-27,processed_ds1,33950.812,Increase
2022-06-28,processed_ds1,33718.566,Decrease
2022-06-29,processed_ds1,33943.023,Increase
2022-06-30,processed_ds1,34080.723,Increase
2022-07-01,processed_ds1,33474.57,Decrease
2022-07-02,processed_ds1,33971.777,Increase
2022-07-03,processed_ds1,34217.32,Increase
2022-07-04,processed_ds1,36232.902,Increase
2022-07-05,processed_ds1,34384.08,Decrease
2022-07-06,processed_ds1,34989.42,Increase
2022-07-07,processed_ds1,36843.54,Increase
2022-07-08,processed_ds1,34608.594,Decrease
2022-07-09,processed_ds1,34404.25,Decrease
2022-07-10,processed_ds1,33463.555,Decrease
2022-07-11,processed_ds1,33153.156,Decrease
2022-07-12,processed_ds1,33281.99,Increase
2022-07-13,processed_ds1,36274.668,Increase
2022-07-14,processed_ds1,35036.027,Decrease
2022-07-15,processed_ds1,34771.887,Decrease
2022-07-16,processed_ds1,35216.902,Increase
2022-07-17,processed_ds1,33822.92,Decrease
2022-07-18,processed_ds1,38655.363,Increase
2022-07-19,processed_ds1,36842.145,Decrease
2022-07-20,processed_ds1,34670.46,Decrease
2022-07-21,processed_ds1,34746.8,Increase
2022-07-22,processed_ds1,34159.188,Decrease
2022-07-23,processed_ds1,34377.258,Increase
2022-07-24,processed_ds1,34877.277,Increase
2022-07-25,processed_ds1,33101.977,Decrease
2022-07-26,processed_ds1,34274.984,Increase
2022-07-27,processed_ds1,38611.637,Increase
2022-07-28,processed_ds1,36791.355,Decrease
2022-07-29,processed_ds1,34839.613,Decrease
2022-07-30,processed_ds1,34783.53,Decrease
2022-07-31,processed_ds1,34387.195,Decrease
2022-08-01,processed_ds1,34718.934,Increase
2022-08-02,processed_ds1,34335.406,Decrease
2022-08-03,processed_ds1,34521.867,Increase
2022-08-04,processed_ds1,34368.56,Decrease
2022-08-05,processed_ds1,36137.98,Increase
2022-08-06,processed_ds1,34185.824,Decrease
2022-08-07,processed_ds1,35136.234,Increase
2022-08-08,processed_ds1,36192.926,Increase
2022-08-09,processed_ds1,33989.062,Decrease
2022-08-10,processed_ds1,36635.215,Increase
2022-08-11,processed_ds1,35003.19,Decrease
2022-08-12,processed_ds1,35872.0,Increase
2022-08-13,processed_ds1,35086.78,Decrease
2022-08-14,processed_ds1,34845.562,Decrease
2022-08-15,processed_ds1,34874.79,Increase
2022-08-16,processed_ds1,34511.08,Decrease
2022-08-17,processed_ds1,34236.465,Decrease
2022-08-18,processed_ds1,34513.992,Increase
2022-08-19,processed_ds1,32347.947,Decrease
2022-08-20,processed_ds1,34900.105,Increase
2022-08-21,processed_ds1,35123.227,Increase
2022-08-22,processed_ds1,34245.523,Decrease
2022-08-23,processed_ds1,34624.055,Increase
2022-08-24,processed_ds1,34201.164,Decrease
2022-08-25,processed_ds1,34751.52,Increase
2022-08-26,processed_ds1,32940.12,Decrease
2022-08-27,processed_ds1,33859.312,Increase
2022-08-28,processed_ds1,33467.53,Decrease
2022-08-29,processed_ds1,35777.45,Increase
2022-08-30,processed_ds1,33565.242,Decrease
2022-08-31,processed_ds1,34638.992,Increase
2022-09-01,processed_ds1,34305.457,Decrease
2022-09-02,processed_ds1,33935.496,Decrease
2022-09-03,processed_ds1,33928.258,Decrease
2022-09-04,processed_ds1,34382.633,Increase
2022-09-05,processed_ds1,33811.367,Decrease
2022-09-06,processed_ds1,32921.54,Decrease
2022-09-07,processed_ds1,35083.875,Increase
2022-09-08,processed_ds1,34062.94,Decrease
2022-09-09,processed_ds1,39447.105,Increase
2022-09-10,processed_ds1,34964.984,Decrease
2022-09-11,processed_ds1,34755.207,Decrease
2022-09-12,processed_ds1,35710.734,Increase
2022-09-13,processed_ds1,32441.084,Decrease
2022-09-14,processed_ds1,34336.227,Increase
2022-09-15,processed_ds1,33482.6,Decrease
2022-09-16,processed_ds1,34265.066,Increase
2022-09-17,processed_ds1,34674.883,Increase
2022-09-18,processed_ds1,33221.715,Decrease
2022-09-19,processed_ds1,34490.75,Increase
2022-09-20,processed_ds1,33180.875,Decrease
2022-09-21,processed_ds1,33627.562,Increase
2022-09-22,processed_ds1,36135.297,Increase
2022-09-23,processed_ds1,33944.793,Decrease
2022-09-24,processed_ds1,33476.387,Decrease
2022-09-25,processed_ds1,33778.145,Increase
2022-09-26,processed_ds1,34818.336,Increase
2022-09-27,processed_ds1,34057.668,Decrease
2022-09-28,processed_ds1,34849.25,Increase
2022-09-29,processed_ds1,34420.703,Decrease
2022-09-30,processed_ds1,33920.48,Decrease
2022-10-01,processed_ds1,33842.473,Decrease
2022-10-02,processed_ds1,33629.656,Decrease
2022-10-03,processed_ds1,35246.03,Increase
2022-10-04,processed_ds1,35730.17,Increase
2022-10-05,processed_ds1,33933.273,Decrease
2022-10-06,processed_ds1,33886.543,Decrease
2022-10-07,processed_ds1,33547.266,Decrease
2022-10-08,processed_ds1,33858.83,Increase
2022-10-09,processed_ds1,34038.31,Increase
2022-10-10,processed_ds1,33585.793,Decrease
2022-10-11,processed_ds1,33866.402,Increase
2022-10-12,processed_ds1,34088.934,Increase
2022-10-13,processed_ds1,34628.633,Increase
2022-10-14,processed_ds1,33821.074,Decrease
2022-10-15,processed_ds1,33784.645,Decrease
2022-10-16,processed_ds1,34298.09,Increase
2022-10-17,processed_ds1,34557.418,Increase
2022-10-18,processed_ds1,33753.938,Decrease
2022-10-19,processed_ds1,33679.17,Decrease
2022-10-20,processed_ds1,33861.312,Increase
2022-10-21,processed_ds1,34197.598,Increase
2022-10-22,processed_ds1,34008.043,Decrease
2022-10-23,processed_ds1,34743.348,Increase
2022-10-24,processed_ds1,33692.855,Decrease
2022-10-25,processed_ds1,35863.293,Increase
2022-10-26,processed_ds1,35740.008,Decrease
2022-10-27,processed_ds1,33613.59,Decrease
2022-10-28,processed_ds1,34811.63,Increase
2022-10-29,processed_ds1,34642.113,Decrease
2022-10-30,processed_ds1,33987.33,Decrease
2022-10-31,processed_ds1,34061.11,Increase
2022-11-01,processed_ds1,34172.516,Increase
2022-11-02,processed_ds1,33787.293,Decrease
2022-11-03,processed_ds1,34214.203,Increase
2022-11-04,processed_ds1,36384.887,Increase
2022-11-05,processed_ds1,34595.758,Decrease
2022-11-06,processed_ds1,33802.695,Decrease
2022-11-07,processed_ds1,33845.645,Increase
2022-11-08,processed_ds1,32460.78,Decrease
2022-11-09,processed_ds1,31489.865,Decrease
2022-11-10,processed_ds1,38406.418,Increase
2022-11-11,processed_ds1,33097.8,Decrease
2022-11-12,processed_ds1,33259.527,Increase
2022-11-13,processed_ds1,32925.527,Decrease
2022-11-14,processed_ds1,34403.66,Increase
2022-11-15,processed_ds1,34183.188,Decrease
2022-11-16,processed_ds1,33103.64,Decrease
2022-11-17,processed_ds1,33833.6,Increase
2022-11-18,processed_ds1,33492.156,Decrease
2022-11-19,processed_ds1,33666.45,Increase
2022-11-20,processed_ds1,32968.176,Decrease
2022-11-21,processed_ds1,32804.87,Decrease
2022-11-22,processed_ds1,34447.02,Increase
2022-11-23,processed_ds1,34391.71,Decrease
2022-11-24,processed_ds1,33555.125,Decrease
2022-11-25,processed_ds1,33413.215,Decrease
2022-11-26,processed_ds1,33471.973,Increase
2022-11-27,processed_ds1,33482.227,Increase
2022-11-28,processed_ds1,33223.55,Decrease
2022-11-29,processed_ds1,33970.04,Increase
2022-11-30,processed_ds1,35344.383,Increase
2022-12-01,processed_ds1,33362.01,Decrease
2022-12-02,processed_ds1,33836.574,Increase
2022-12-03,processed_ds1,33300.746,Decrease
2022-12-04,processed_ds1,34029.5,Increase
2022-12-05,processed_ds1,33464.676,Decrease
2022-12-06,processed_ds1,33820.023,Increase
2022-12-07,processed_ds1,33255.34,Decrease
2022-12-08,processed_ds1,34429.99,Increase
2022-12-09,processed_ds1,33488.02,Decrease
2022-12-10,processed_ds1,33625.15,Increase
2022-12-11,processed_ds1,33580.47,Decrease
2022-12-12,processed_ds1,33857.047,Increase
2022-12-13,processed_ds1,35044.13,Increase
2022-12-14,processed_ds1,33871.508,Decrease
2022-12-15,processed_ds1,33118.71,Decrease
2022-12-16,processed_ds1,32727.383,Decrease
2022-12-17,processed_ds1,33820.26,Increase
2022-12-18,processed_ds1,33514.07,Decrease
2022-12-19,processed_ds1,33139.887,Decrease
2022-12-20,processed_ds1,34587.527,Increase
2022-12-21,processed_ds1,33478.105,Decrease
2022-12-22,processed_ds1,33587.55,Increase
2022-12-23,processed_ds1,33511.02,Decrease
2022-12-24,processed_ds1,33661.293,Increase
2022-12-25,processed_ds1,33566.664,Decrease
2022-12-26,processed_ds1,33728.26,Increase
2022-12-27,processed_ds1,33283.332,Decrease
2022-12-28,processed_ds1,33326.055,Increase
2022-12-29,processed_ds1,33698.59,Increase
2022-12-30,processed_ds1,33524.523,Decrease
2022-12-31,processed_ds1,33427.984,Decrease
2023-01-01,processed_ds1,33672.812,Increase
2023-01-02,processed_ds1,33661.2,Decrease
2023-01-03,processed_ds1,33563.332,Decrease
2023-01-04,processed_ds1,33905.535,Increase
2023-01-05,processed_ds1,33538.055,Decrease
2023-01-06,processed_ds1,33820.34,Increase
2023-01-07,processed_ds1,33572.434,Decrease
2023-01-08,processed_ds1,33911.793,Increase
2023-01-09,processed_ds1,33761.94,Decrease
2023-01-10,processed_ds1,34141.09,Increase
2023-01-11,processed_ds1,34834.844,Increase
2023-01-12,processed_ds1,36082.05,Increase
2023-01-13,processed_ds1,36590.633,Increase
2023-01-14,processed_ds1,36615.758,Increase
2023-01-15,processed_ds1,34165.74,Decrease
2023-01-16,processed_ds1,34940.87,Increase
2023-01-17,processed_ds1,34281.418,Decrease
2023-01-18,processed_ds1,33794.92,Decrease
2023-01-19,processed_ds1,35075.78,Increase
2023-01-20,processed_ds1,38251.46,Increase
2023-01-21,processed_ds1,34910.613,Decrease
2023-01-22,processed_ds1,34586.71,Decrease
2023-01-23,processed_ds1,35064.625,Increase
2023-01-24,processed_ds1,34260.926,Decrease
2023-01-25,processed_ds1,35738.89,Increase
2023-01-26,processed_ds1,34606.277,Decrease
2023-01-27,processed_ds1,34901.38,Increase
2023-01-28,processed_ds1,34567.36,Decrease
2023-01-29,processed_ds1,36308.23,Increase
2023-01-30,processed_ds1,33713.168,Decrease
2023-01-31,processed_ds1,35239.527,Increase
2023-02-01,processed_ds1,36044.824,Increase
2023-02-02,processed_ds1,34423.434,Decrease
2023-02-03,processed_ds1,34777.47,Increase
2023-02-04,processed_ds1,34544.773,Decrease
2023-02-05,processed_ds1,34193.05,Decrease
2023-02-06,processed_ds1,34385.484,Increase
2023-02-07,processed_ds1,35654.473,Increase
2023-02-08,processed_ds1,34324.836,Decrease
2023-02-09,processed_ds1,33274.555,Decrease
2023-02-10,processed_ds1,34199.184,Increase
2023-02-11,processed_ds1,34798.4,Increase
2023-02-12,processed_ds1,34329.035,Decrease
2023-02-13,processed_ds1,34408.03,Increase
2023-02-14,processed_ds1,35371.543,Increase
2023-02-15,processed_ds1,39878.598,Increase
2023-02-16,processed_ds1,34091.152,Decrease
2023-02-17,processed_ds1,37186.22,Increase
2023-02-18,processed_ds1,35092.957,Decrease
2023-02-19,processed_ds1,34587.64,Decrease
2023-02-20,processed_ds1,36200.688,Increase
2023-02-21,processed_ds1,34564.51,Decrease
2023-02-22,processed_ds1,34612.844,Increase
2023-02-23,processed_ds1,34623.355,Increase
2023-02-24,processed_ds1,33946.715,Decrease
2023-02-25,processed_ds1,34654.92,Increase
2023-02-26,processed_ds1,35530.61,Increase
2023-02-27,processed_ds1,34745.484,Decrease
2023-02-28,processed_ds1,34243.047,Decrease
2023-03-01,processed_ds1,35855.24,Increase
2023-03-02,processed_ds1,34524.25,Decrease
2023-03-03,processed_ds1,33468.42,Decrease
2023-03-04,processed_ds1,34474.37,Increase
2023-03-05,processed_ds1,34693.855,Increase
2023-03-06,processed_ds1,34486.684,Decrease
2023-03-07,processed_ds1,34248.59,Decrease
2023-03-08,processed_ds1,33854.12,Decrease
2023-03-09,processed_ds1,32937.74,Decrease
2023-03-10,processed_ds1,33934.363,Increase
2023-03-11,processed_ds1,34865.05,Increase
2023-03-12,processed_ds1,37960.17,Increase
2023-03-13,processed_ds1,39885.0,Increase
2023-03-14,processed_ds1,36637.68,Decrease
2023-03-15,processed_ds1,34513.004,Decrease
2023-03-16,processed_ds1,36514.934,Increase
2023-03-17,processed_ds1,40969.957,Increase
2023-03-18,processed_ds1,34969.902,Decrease
2023-03-19,processed_ds1,37955.234,Increase
2023-03-20,processed_ds1,35572.76,Decrease
2023-03-21,processed_ds1,36605.08,Increase
2023-03-22,processed_ds1,34853.87,Decrease
2023-03-23,processed_ds1,38076.297,Increase
2023-03-24,processed_ds1,34719.273,Decrease
2023-03-25,processed_ds1,35725.746,Increase
2023-03-26,processed_ds1,36648.875,Increase
2023-03-27,processed_ds1,34657.61,Decrease
2023-03-28,processed_ds1,35910.58,Increase
2023-03-29,processed_ds1,38122.33,Increase
2023-03-30,processed_ds1,35582.965,Decrease
2023-03-31,processed_ds1,36737.594,Increase
2023-04-01,processed_ds1,35902.027,Decrease
2023-04-02,processed_ds1,35483.77,Decrease
2023-04-03,processed_ds1,35328.832,Decrease
2023-04-04,processed_ds1,36490.027,Increase
2023-04-05,processed_ds1,35981.188,Decrease
2023-04-06,processed_ds1,35574.613,Decrease
2023-04-07,processed_ds1,35541.617,Decrease
2023-04-08,processed_ds1,35799.39,Increase
2023-04-09,processed_ds1,36542.867,Increase
2023-04-10,processed_ds1,38962.1,Increase
2023-04-11,processed_ds1,37476.758,Decrease
2023-04-12,processed_ds1,35869.15,Decrease
2023-04-13,processed_ds1,37337.492,Increase
2023-04-14,processed_ds1,36636.375,Decrease
2023-04-15,processed_ds1,36081.93,Decrease
2023-04-16,processed_ds1,36353.94,Increase
2023-04-17,processed_ds1,35089.85,Decrease
2023-04-18,processed_ds1,38356.145,Increase
2023-04-19,processed_ds1,34431.113,Decrease
2023-04-20,processed_ds1,35176.773,Increase
2023-04-21,processed_ds1,34526.953,Decrease
2023-04-22,processed_ds1,36682.05,Increase
2023-04-23,processed_ds1,35331.926,Decrease
2023-04-24,processed_ds1,35665.78,Increase
2023-04-25,processed_ds1,37384.4,Increase
2023-04-26,processed_ds1,36681.57,Decrease
2023-04-27,processed_ds1,38378.17,Increase
2023-04-28,processed_ds1,35925.242,Decrease
2023-04-29,processed_ds1,35943.96,Increase
2023-04-30,processed_ds1,36252.56,Increase
2023-05-01,processed_ds1,34585.11,Decrease
2023-05-02,processed_ds1,37043.21,Increase
2023-05-03,processed_ds1,36722.91,Decrease
2023-05-04,processed_ds1,35786.13,Decrease
2023-05-05,processed_ds1,37443.22,Increase
2023-05-06,processed_ds1,35296.824,Decrease
2023-05-07,processed_ds1,35329.902,Increase
2023-05-08,processed_ds1,34872.574,Decrease
2023-05-09,processed_ds1,35646.086,Increase
2023-05-10,processed_ds1,35900.117,Increase
2023-05-11,processed_ds1,34771.848,Decrease
2023-05-12,processed_ds1,35369.44,Increase
2023-05-13,processed_ds1,35440.96,Increase
2023-05-14,processed_ds1,35803.902,Increase
2023-05-15,processed_ds1,36156.93,Increase
2023-05-16,processed_ds1,35314.98,Decrease
2023-05-17,processed_ds1,36335.727,Increase
2023-05-18,processed_ds1,34816.395,Decrease
2023-05-19,processed_ds1,35623.742,Increase
2023-05-20,processed_ds1,35929.746,Increase
2023-05-21,processed_ds1,34987.684,Decrease
2023-05-22,processed_ds1,35692.742,Increase
2023-05-23,processed_ds1,36273.41,Increase
2023-05-24,processed_ds1,34400.5,Decrease
2023-05-25,processed_ds1,35725.977,Increase
2023-05-26,processed_ds1,35912.977,Increase
2023-05-27,processed_ds1,35717.32,Decrease
2023-05-28,processed_ds1,38310.78,Increase
2023-05-29,processed_ds1,35341.152,Decrease
2023-05-30,processed_ds1,35667.242,Increase
2023-05-31,processed_ds1,35021.11,Decrease
2023-06-01,processed_ds1,34981.254,Decrease
2023-06-02,processed_ds1,36376.22,Increase
2023-06-03,processed_ds1,35277.598,Decrease
2023-06-04,processed_ds1,35676.816,Increase
2023-06-05,processed_ds1,33944.305,Decrease
2023-06-06,processed_ds1,38788.758,Increase
2023-06-07,processed_ds1,34422.78,Decrease
2023-06-08,processed_ds1,35735.734,Increase
2023-06-09,processed_ds1,35402.44,Decrease
2023-06-10,processed_ds1,34542.934,Decrease
2023-06-11,processed_ds1,35470.625,Increase
2023-06-12,processed_ds1,35256.9,Decrease
2023-06-13,processed_ds1,35423.023,Increase
2023-06-14,processed_ds1,34267.348,Decrease
2023-06-15,processed_ds1,36130.027,Increase
2023-06-16,processed_ds1,36854.773,Increase
2023-06-17,processed_ds1,35767.863,Decrease
2023-06-18,processed_ds1,35117.754,Decrease
2023-06-19,processed_ds1,36437.0,Increase
2023-06-20,processed_ds1,38964.332,Increase
2023-06-21,processed_ds1,40037.227,Increase
2023-06-22,processed_ds1,36225.562,Decrease
2023-06-23,processed_ds1,38245.836,Increase
2023-06-24,processed_ds1,36205.19,Decrease
2023-06-25,processed_ds1,36374.79,Increase
2023-06-26,processed_ds1,36106.168,Decrease
2023-06-27,processed_ds1,37319.3,Increase
2023-06-28,processed_ds1,35506.656,Decrease
2023-06-29,processed_ds1,37138.6,Increase
2023-06-30,processed_ds1,36715.47,Decrease
2023-07-01,processed_ds1,36557.65,Decrease
2023-07-02,processed_ds1,36473.27,Decrease
2023-07-03,processed_ds1,37692.12,Increase
2023-07-04,processed_ds1,35983.47,Decrease
2023-07-05,processed_ds1,36077.83,Increase
2023-07-06,processed_ds1,35714.793,Decrease
2023-07-07,processed_ds1,37185.67,Increase
2023-07-08,processed_ds1,36215.9,Decrease
2023-07-09,processed_ds1,36116.586,Decrease
2023-07-10,processed_ds1,36963.637,Increase
2023-07-11,processed_ds1,36794.38,Decrease
2023-07-12,processed_ds1,36112.11,Decrease
2023-07-13,processed_ds1,39005.367,Increase
2023-07-14,processed_ds1,35129.742,Decrease
2023-07-15,processed_ds1,36228.16,Increase
2023-07-16,processed_ds1,36224.28,Decrease
2023-07-17,processed_ds1,36203.66,Decrease
2023-07-18,processed_ds1,35885.535,Decrease
2023-07-19,processed_ds1,36309.477,Increase
2023-07-20,processed_ds1,36173.797,Decrease
2023-07-21,processed_ds1,36367.434,Increase
2023-07-22,processed_ds1,36026.887,Decrease
2023-07-23,processed_ds1,36828.3,Increase
2023-07-24,processed_ds1,35022.47,Decrease
2023-07-25,processed_ds1,36131.688,Increase
2023-07-26,processed_ds1,36345.746,Increase
2023-07-27,processed_ds1,35909.656,Decrease
2023-07-28,processed_ds1,36244.13,Increase
2023-07-29,processed_ds1,36098.46,Decrease
2023-07-30,processed_ds1,35980.7,Decrease
2023-07-31,processed_ds1,36010.258,Increase
2023-08-01,processed_ds1,37127.098,Increase
2023-08-02,processed_ds1,35450.64,Decrease
2023-08-03,processed_ds1,36101.066,Increase
2023-08-04,processed_ds1,35932.965,Decrease
2023-08-05,processed_ds1,35923.64,Decrease
2023-08-06,processed_ds1,36019.68,Increase
2023-08-07,processed_ds1,36280.64,Increase
2023-08-08,processed_ds1,37387.1,Increase
2023-08-09,processed_ds1,35960.65,Decrease
2023-08-10,processed_ds1,35935.246,Decrease
2023-08-11,processed_ds1,36049.566,Increase
2023-08-12,processed_ds1,36061.637,Increase
2023-08-13,processed_ds1,35860.133,Decrease
2023-08-14,processed_ds1,36360.555,Increase
2023-08-15,processed_ds1,35714.938,Decrease
2023-08-16,processed_ds1,35307.062,Decrease
2023-08-17,processed_ds1,33833.402,Decrease
2023-08-18,processed_ds1,34660.72,Increase
2023-08-19,processed_ds1,35420.28,Increase
2023-08-20,processed_ds1,35470.688,Increase
2023-08-21,processed_ds1,35211.117,Decrease
2023-08-22,processed_ds1,35217.29,Increase
2023-08-23,processed_ds1,36230.742,Increase
2023-08-24,processed_ds1,35007.746,Decrease
2023-08-25,processed_ds1,35139.043,Increase
2023-08-26,processed_ds1,35175.33,Increase
2023-08-27,processed_ds1,35423.13,Increase
2023-08-28,processed_ds1,35341.625,Decrease
2023-08-29,processed_ds1,39231.31,Increase
2023-08-30,processed_ds1,35056.246,Decrease
2023-08-31,processed_ds1,34007.605,Decrease
2023-09-01,processed_ds1,35138.797,Increase
2023-09-02,processed_ds1,35346.625,Increase
2023-09-03,processed_ds1,35441.816,Increase
2023-09-04,processed_ds1,35046.555,Decrease
2023-09-05,processed_ds1,35161.824,Increase
2023-09-06,processed_ds1,35246.79,Increase
2023-09-07,processed_ds1,36298.086,Increase
2023-09-08,processed_ds1,34860.27,Decrease
2023-09-09,processed_ds1,35197.137,Increase
2023-09-10,processed_ds1,35157.7,Decrease
2023-09-11,processed_ds1,34359.645,Decrease
2023-09-12,processed_ds1,36689.668,Increase
2023-09-13,processed_ds1,36072.914,Decrease
2023-09-14,processed_ds1,35994.414,Decrease
2023-09-15,processed_ds1,35625.37,Decrease
2023-09-16,processed_ds1,35355.953,Decrease
2023-09-17,processed_ds1,35325.715,Decrease
2023-09-18,processed_ds1,36052.457,Increase
2023-09-19,processed_ds1,36435.848,Increase
2023-09-20,processed_ds1,35465.797,Decrease
2023-09-21,processed_ds1,34744.113,Decrease
2023-09-22,processed_ds1,35429.42,Increase
2023-09-23,processed_ds1,35368.32,Decrease
2023-09-24,processed_ds1,34922.758,Decrease
2023-09-25,processed_ds1,35460.91,Increase
2023-09-26,processed_ds1,35195.477,Decrease
2023-09-27,processed_ds1,35739.473,Increase
2023-09-28,processed_ds1,36775.684,Increase
2023-09-29,processed_ds1,35367.145,Decrease
2023-09-30,processed_ds1,35576.207,Increase
2023-10-01,processed_ds1,37776.0,Increase
2023-10-02,processed_ds1,35195.742,Decrease
2023-10-03,processed_ds1,35541.89,Increase
2023-10-04,processed_ds1,36353.754,Increase
2023-10-05,processed_ds1,35166.105,Decrease
2023-10-06,processed_ds1,36762.78,Increase
2023-10-07,processed_ds1,35754.58,Decrease
2023-10-08,processed_ds1,35697.367,Decrease
2023-10-09,processed_ds1,35232.273,Decrease
2023-10-10,processed_ds1,35344.574,Increase
2023-10-11,processed_ds1,34886.664,Decrease
2023-10-12,processed_ds1,35287.125,Increase
2023-10-13,processed_ds1,35695.0,Increase
2023-10-14,processed_ds1,35436.875,Decrease
2023-10-15,processed_ds1,36108.21,Increase
2023-10-16,processed_ds1,39085.246,Increase
2023-10-17,processed_ds1,35736.348,Decrease
2023-10-18,processed_ds1,35825.367,Increase
2023-10-19,processed_ds1,36646.55,Increase
2023-10-20,processed_ds1,38252.62,Increase
2023-10-21,processed_ds1,36695.125,Decrease
2023-10-22,processed_ds1,36379.492,Decrease
2023-10-23,processed_ds1,43291.91,Increase
2023-10-24,processed_ds1,39631.34,Decrease
2023-10-25,processed_ds1,39069.477,Decrease
2023-10-26,processed_ds1,37224.6,Decrease
2023-10-27,processed_ds1,37203.906,Decrease
2023-10-28,processed_ds1,38016.28,Increase
2023-10-29,processed_ds1,38687.574,Increase
2023-10-30,processed_ds1,37788.844,Decrease
2023-10-31,processed_ds1,38190.105,Increase
2023-11-01,processed_ds1,39671.42,Increase
2023-11-02,processed_ds1,37385.234,Decrease
2023-11-03,processed_ds1,37570.996,Increase
2023-11-04,processed_ds1,38680.86,Increase
2023-11-05,processed_ds1,38001.56,Decrease
2023-11-06,processed_ds1,38079.08,Increase
2023-11-07,processed_ds1,39012.73,Increase
2023-11-08,processed_ds1,38719.754,Decrease
2023-11-09,processed_ds1,40931.562,Increase
2023-11-10,processed_ds1,40043.594,Decrease
2023-11-11,processed_ds1,38614.188,Decrease
2023-11-12,processed_ds1,38656.66,Increase
2023-11-13,processed_ds1,37767.203,Decrease
2023-11-14,processed_ds1,36956.977,Decrease
2023-11-15,processed_ds1,43252.918,Increase
2023-11-16,processed_ds1,36201.805,Decrease
2023-11-17,processed_ds1,39414.055,Increase
2023-11-18,processed_ds1,38593.066,Decrease
2023-11-19,processed_ds1,40378.06,Increase
2023-11-20,processed_ds1,39204.1,Decrease
2023-11-21,processed_ds1,36092.82,Decrease
2023-11-22,processed_ds1,41991.293,Increase
2023-11-23,processed_ds1,38760.21,Decrease
2023-11-24,processed_ds1,39984.68,Increase
2023-11-25,processed_ds1,39195.78,Decrease
2023-11-26,processed_ds1,38450.035,Decrease
2023-11-27,processed_ds1,38602.2,Increase
2023-11-28,processed_ds1,40304.26,Increase
2023-11-29,processed_ds1,39284.695,Decrease
2023-11-30,processed_ds1,38890.953,Decrease
2023-12-01,processed_ds1,41273.18,Increase
2023-12-02,processed_ds1,41196.973,Decrease
2023-12-03,processed_ds1,40960.445,Decrease
2023-12-04,processed_ds1,44086.996,Increase
2023-12-05,processed_ds1,44798.05,Increase
2023-12-06,processed_ds1,41398.902,Decrease
2023-12-07,processed_ds1,40964.152,Decrease
2023-12-08,processed_ds1,43354.117,Increase
2023-12-09,processed_ds1,41148.844,Decrease
2023-12-10,processed_ds1,41887.586,Increase
2023-12-11,processed_ds1,37501.21,Decrease
2023-12-12,processed_ds1,41262.133,Increase
2023-12-13,processed_ds1,43649.83,Increase
2023-12-14,processed_ds1,41803.305,Decrease
2023-12-15,processed_ds1,39465.04,Decrease
2023-12-16,processed_ds1,41728.79,Increase
2023-12-17,processed_ds1,39455.516,Decrease
2023-12-18,processed_ds1,43324.344,Increase
2023-12-19,processed_ds1,40746.406,Decrease
2023-12-20,processed_ds1,43880.438,Increase
2023-12-21,processed_ds1,42208.91,Decrease
2023-12-22,processed_ds1,42115.094,Decrease
2023-12-23,processed_ds1,41372.03,Decrease
2023-12-24,processed_ds1,40480.535,Decrease
2023-12-25,processed_ds1,42669.19,Increase
2023-12-26,processed_ds1,39824.33,Decrease
2023-12-27,processed_ds1,43115.01,Increase
2023-12-28,processed_ds1,40153.957,Decrease
2023-12-29,processed_ds1,40457.625,Increase
2023-12-30,processed_ds1,41229.75,Increase
2023-12-31,processed_ds1,41420.02,Increase
2024-01-01,processed_ds1,44510.15,Increase
2024-01-02,processed_ds1,43550.043,Decrease
2024-01-03,processed_ds1,39032.516,Decrease
2024-01-04,processed_ds1,43945.79,Increase
2024-01-05,processed_ds1,42051.344,Decrease
2024-01-06,processed_ds1,41601.57,Decrease
2024-01-07,processed_ds1,41881.453,Increase
2024-01-08,processed_ds1,46266.34,Increase
2024-01-09,processed_ds1,42138.863,Decrease
2024-01-10,processed_ds1,44011.992,Increase
2024-01-11,processed_ds1,43236.98,Decrease
2024-01-12,processed_ds1,37328.344,Decrease
2024-01-13,processed_ds1,41442.223,Increase
2024-01-14,processed_ds1,39390.246,Decrease
2024-01-15,processed_ds1,42649.84,Increase
2024-01-16,processed_ds1,42624.973,Decrease
2024-01-17,processed_ds1,40810.035,Decrease
2024-01-18,processed_ds1,38757.54,Decrease
2024-01-19,processed_ds1,41563.234,Increase
2024-01-20,processed_ds1,40890.574,Decrease
2024-01-21,processed_ds1,40603.55,Decrease
2024-01-22,processed_ds1,37190.406,Decrease
2024-01-23,processed_ds1,40700.984,Increase
2024-01-24,processed_ds1,40538.305,Decrease
2024-01-25,processed_ds1,39848.355,Decrease
2024-01-26,processed_ds1,43854.176,Increase
2024-01-27,processed_ds1,41519.64,Decrease
2024-01-28,processed_ds1,41009.28,Decrease
2024-01-29,processed_ds1,43431.355,Increase
2024-01-30,processed_ds1,41023.87,Decrease
2024-01-31,processed_ds1,40920.207,Decrease
2024-02-01,processed_ds1,42329.293,Increase
2024-02-02,processed_ds1,41735.63,Decrease
2024-02-03,processed_ds1,41154.83,Decrease
2024-02-04,processed_ds1,40642.887,Decrease
2024-02-05,processed_ds1,41659.73,Increase
2024-02-06,processed_ds1,42123.598,Increase
2024-02-07,processed_ds1,43767.484,Increase
2024-02-08,processed_ds1,43727.6,Decrease
2024-02-09,processed_ds1,45504.66,Increase
2024-02-10,processed_ds1,44245.21,Decrease
2024-02-11,processed_ds1,44239.62,Decrease
2024-02-12,processed_ds1,46024.516,Increase
2024-02-13,processed_ds1,44138.477,Decrease
2024-02-14,processed_ds1,46739.57,Increase
2024-02-15,processed_ds1,45326.953,Decrease
2024-02-16,processed_ds1,45380.887,Increase
2024-02-17,processed_ds1,44536.5,Decrease
2024-02-18,processed_ds1,45598.434,Increase
2024-02-19,processed_ds1,44688.957,Decrease
2024-02-20,processed_ds1,45807.28,Increase
2024-02-21,processed_ds1,44730.293,Decrease
2024-02-22,processed_ds1,44319.562,Decrease
2024-02-23,processed_ds1,44044.28,Decrease
2024-02-24,processed_ds1,45715.15,Increase
2024-02-25,processed_ds1,45091.17,Decrease
2024-02-26,processed_ds1,47833.51,Increase
2024-02-27,processed_ds1,48393.445,Increase
2024-02-28,processed_ds1,50949.547,Increase
2024-02-29,processed_ds1,47506.598,Decrease
2024-03-01,processed_ds1,49152.027,Increase
2024-03-02,processed_ds1,48072.918,Decrease
2024-03-03,processed_ds1,49244.832,Increase
2024-03-04,processed_ds1,52249.156,Increase
2024-03-05,processed_ds1,46577.49,Decrease
2024-03-06,processed_ds1,50719.203,Increase
2024-03-07,processed_ds1,50251.15,Decrease
2024-03-08,processed_ds1,50935.113,Increase
2024-03-09,processed_ds1,50310.066,Decrease
2024-03-10,processed_ds1,50778.387,Increase
2024-03-11,processed_ds1,52601.34,Increase
2024-03-12,processed_ds1,50919.02,Decrease
2024-03-13,processed_ds1,52389.81,Increase
2024-03-14,processed_ds1,50440.18,Decrease
2024-03-15,processed_ds1,49689.71,Decrease
2024-03-16,processed_ds1,47367.54,Decrease
2024-03-17,processed_ds1,51604.164,Increase
2024-03-18,processed_ds1,49665.23,Decrease
2024-03-19,processed_ds1,45317.523,Decrease
2024-03-20,processed_ds1,52246.902,Increase
2024-03-21,processed_ds1,48266.555,Decrease
2024-03-22,processed_ds1,48092.176,Decrease
2024-03-23,processed_ds1,49225.508,Increase
2024-03-24,processed_ds1,51341.34,Increase
2024-03-25,processed_ds1,51918.824,Increase
2024-03-26,processed_ds1,50905.547,Decrease
2024-03-27,processed_ds1,50461.133,Decrease
2024-03-28,processed_ds1,51612.11,Increase
2024-03-29,processed_ds1,50296.61,Decrease
2024-03-30,processed_ds1,50518.41,Increase
2024-03-31,processed_ds1,51888.16,Increase
2024-04-01,processed_ds1,49872.125,Decrease
2024-04-02,processed_ds1,47303.062,Decrease
2024-04-03,processed_ds1,49824.355,Increase
2024-04-04,processed_ds1,51439.297,Increase
2024-04-05,processed_ds1,49740.395,Decrease
2024-04-06,processed_ds1,50948.44,Increase
2024-04-07,processed_ds1,50835.145,Decrease
2024-04-08,processed_ds1,52280.516,Increase
2024-04-09,processed_ds1,49373.4,Decrease
2024-04-10,processed_ds1,51564.0,Increase
2024-04-11,processed_ds1,50517.54,Decrease
2024-04-12,processed_ds1,48637.668,Decrease
2024-04-13,processed_ds1,47239.55,Decrease
2024-04-14,processed_ds1,50271.605,Increase
2024-04-15,processed_ds1,47701.453,Decrease
2024-04-16,processed_ds1,49053.566,Increase
2024-04-17,processed_ds1,46835.277,Decrease
2024-04-18,processed_ds1,49920.24,Increase
2024-04-19,processed_ds1,49025.203,Decrease
2024-04-20,processed_ds1,49808.39,Increase
2024-04-21,processed_ds1,49221.285,Decrease
2024-04-22,processed_ds1,50693.707,Increase
2024-04-23,processed_ds1,49453.19,Decrease
2024-04-24,processed_ds1,48021.137,Decrease
2024-04-25,processed_ds1,49199.434,Increase
2024-04-26,processed_ds1,48487.723,Decrease
2024-04-27,processed_ds1,48568.277,Increase
2024-04-28,processed_ds1,48540.92,Decrease
2024-04-29,processed_ds1,49254.758,Increase
2024-04-30,processed_ds1,46281.117,Decrease
2024-05-01,processed_ds1,45889.54,Decrease
2024-05-02,processed_ds1,47920.508,Increase
2024-05-03,processed_ds1,50425.37,Increase
2024-05-04,processed_ds1,49448.484,Decrease
2024-05-05,processed_ds1,48990.93,Decrease
2024-05-06,processed_ds1,48381.855,Decrease
2024-05-07,processed_ds1,48099.83,Decrease
2024-05-08,processed_ds1,47564.066,Decrease
2024-05-09,processed_ds1,49620.703,Increase
2024-05-10,processed_ds1,46795.348,Decrease
2024-05-11,processed_ds1,48010.5,Increase
2024-05-12,processed_ds1,48533.723,Increase
2024-05-13,processed_ds1,49388.19,Increase
2024-05-14,processed_ds1,47484.305,Decrease
2024-05-15,processed_ds1,51596.8,Increase
2024-05-16,processed_ds1,48835.633,Decrease
2024-05-17,processed_ds1,50725.93,Increase
2024-05-18,processed_ds1,49733.266,Decrease
2024-05-19,processed_ds1,49362.59,Decrease
2024-05-20,processed_ds1,53062.215,Increase
2024-05-21,processed_ds1,50247.71,Decrease
2024-05-22,processed_ds1,50079.605,Decrease
2024-05-23,processed_ds1,49642.79,Decrease
2024-05-24,processed_ds1,50583.74,Increase
2024-05-25,processed_ds1,50867.527,Increase
2024-05-26,processed_ds1,49938.566,Decrease
2024-05-27,processed_ds1,51091.496,Increase
2024-05-28,processed_ds1,49745.57,Decrease
2024-05-29,processed_ds1,49716.363,Decrease
2024-05-30,processed_ds1,50669.168,Increase
2024-05-31,processed_ds1,49651.293,Decrease
2024-06-01,processed_ds1,50133.863,Increase
2024-06-02,processed_ds1,50091.203,Decrease
2024-06-03,processed_ds1,50978.41,Increase
2024-06-04,processed_ds1,51709.45,Increase
2024-06-05,processed_ds1,51351.5,Decrease
2024-06-06,processed_ds1,50871.41,Decrease
2024-06-07,processed_ds1,50010.22,Decrease
2024-06-08,processed_ds1,50485.848,Increase
2024-06-09,processed_ds1,50771.72,Increase
2024-06-10,processed_ds1,50558.66,Decrease
2024-06-11,processed_ds1,48884.074,Decrease
2024-06-12,processed_ds1,50804.13,Increase
2024-06-13,processed_ds1,49064.59,Decrease
2024-06-14,processed_ds1,49212.27,Increase
2024-06-15,processed_ds1,49662.992,Increase
2024-06-16,processed_ds1,49944.16,Increase
2024-06-17,processed_ds1,49595.45,Decrease
2024-06-18,processed_ds1,48606.582,Decrease
2024-06-19,processed_ds1,49145.28,Increase
2024-06-20,processed_ds1,49241.066,Increase
2024-06-21,processed_ds1,48589.676,Decrease
2024-06-22,processed_ds1,49046.668,Increase
2024-06-23,processed_ds1,48155.016,Decrease
2024-06-24,processed_ds1,46227.266,Decrease
2024-06-25,processed_ds1,49115.617,Increase
2024-06-26,processed_ds1,47526.414,Decrease
2024-06-27,processed_ds1,48729.562,Increase
2024-06-28,processed_ds1,47203.49,Decrease
2024-06-29,processed_ds1,48322.273,Increase
2024-06-30,processed_ds1,49488.785,Increase
2024-07-01,processed_ds1,48720.785,Decrease
2024-07-02,processed_ds1,47961.35,Decrease
2024-07-03,processed_ds1,46775.305,Decrease
2024-07-04,processed_ds1,44697.176,Decrease
2024-07-05,processed_ds1,46501.355,Increase
2024-07-06,processed_ds1,48148.63,Increase
2024-07-07,processed_ds1,44722.37,Decrease
2024-07-08,processed_ds1,47379.703,Increase
2024-07-09,processed_ds1,47918.758,Increase
2024-07-10,processed_ds1,47009.78,Decrease
2024-07-11,processed_ds1,46864.883,Decrease
2024-07-12,processed_ds1,47459.168,Increase
2024-07-13,processed_ds1,48298.207,Increase
2024-07-14,processed_ds1,48877.395,Increase
2024-07-15,processed_ds1,50991.004,Increase
2024-07-16,processed_ds1,49321.95,Decrease
2024-07-17,processed_ds1,48567.844,Decrease
2024-07-18,processed_ds1,48922.76,Increase
2024-07-19,processed_ds1,51009.96,Increase
2024-07-20,processed_ds1,50111.32,Decrease
2024-07-21,processed_ds1,50626.086,Increase
2024-07-22,processed_ds1,49711.492,Decrease
2024-07-23,processed_ds1,48749.293,Decrease
2024-07-24,processed_ds1,49161.13,Increase
2024-07-25,processed_ds1,49640.445,Increase
2024-07-26,processed_ds1,51101.96,Increase
2024-07-27,processed_ds1,50155.797,Decrease
2024-07-28,processed_ds1,50356.312,Increase
2024-07-29,processed_ds1,49267.598,Decrease
2024-07-30,processed_ds1,49273.4,Increase
2024-07-31,processed_ds1,48414.41,Decrease
2024-08-01,processed_ds1,49651.562,Increase
2024-08-02,processed_ds1,46026.316,Decrease
2024-08-03,processed_ds1,47566.582,Increase
2024-08-04,processed_ds1,45650.3,Decrease
2024-08-05,processed_ds1,42782.797,Decrease
2024-08-06,processed_ds1,47911.848,Increase
2024-08-07,processed_ds1,45883.47,Decrease
2024-08-08,processed_ds1,51099.062,Increase
2024-08-09,processed_ds1,47494.38,Decrease
2024-08-10,processed_ds1,48040.633,Increase
2024-08-11,processed_ds1,46137.766,Decrease
2024-08-12,processed_ds1,47990.344,Increase
2024-08-13,processed_ds1,48654.49,Increase
2024-08-14,processed_ds1,46389.594,Decrease
2024-08-15,processed_ds1,46436.223,Increase
2024-08-16,processed_ds1,48241.61,Increase
2024-08-17,processed_ds1,47906.89,Decrease
2024-08-18,processed_ds1,46741.54,Decrease
2024-08-19,processed_ds1,48138.824,Increase
2024-08-20,processed_ds1,47352.473,Decrease
2024-08-21,processed_ds1,49276.066,Increase
2024-08-22,processed_ds1,47413.98,Decrease
2024-08-23,processed_ds1,50737.566,Increase
2024-08-24,processed_ds1,49002.938,Decrease
2024-08-25,processed_ds1,49087.812,Increase
2024-08-26,processed_ds1,47868.85,Decrease
2024-08-27,processed_ds1,45664.906,Decrease
2024-08-28,processed_ds1,47240.28,Increase
2024-08-29,processed_ds1,47906.566,Increase
2024-08-30,processed_ds1,47324.562,Decrease
2024-08-31,processed_ds1,47333.168,Increase
2024-09-01,processed_ds1,45755.34,Decrease
2024-09-02,processed_ds1,48519.05,Increase
2024-09-03,processed_ds1,45978.11,Decrease
2024-09-04,processed_ds1,47421.418,Increase
2024-09-05,processed_ds1,45352.688,Decrease
2024-09-06,processed_ds1,44414.746,Decrease
2024-09-07,processed_ds1,46064.426,Increase
2024-09-08,processed_ds1,46688.324,Increase
2024-09-09,processed_ds1,48216.77,Increase
2024-09-10,processed_ds1,47385.047,Decrease
2024-09-11,processed_ds1,46757.957,Decrease
2024-09-12,processed_ds1,47658.637,Increase
2024-09-13,processed_ds1,49154.207,Increase
2024-09-14,processed_ds1,47417.72,Decrease
2024-09-15,processed_ds1,47019.617,Decrease
2024-09-16,processed_ds1,46630.582,Decrease
2024-09-17,processed_ds1,49030.445,Increase
2024-09-18,processed_ds1,48989.76,Decrease
2024-09-19,processed_ds1,49303.203,Increase
2024-09-20,processed_ds1,48872.477,Decrease
2024-09-21,processed_ds1,48769.63,Decrease
2024-09-22,processed_ds1,48903.324,Increase
2024-09-23,processed_ds1,48681.824,Decrease
2024-09-24,processed_ds1,49485.645,Increase
2024-09-25,processed_ds1,48155.656,Decrease
2024-09-26,processed_ds1,50304.586,Increase
2024-09-27,processed_ds1,49797.79,Decrease
2024-09-28,processed_ds1,49518.434,Decrease
2024-09-29,processed_ds1,49258.973,Decrease
2024-09-30,processed_ds1,47580.52,Decrease
2024-10-01,processed_ds1,46737.57,Decrease
2024-10-02,processed_ds1,47939.473,Increase
2024-10-03,processed_ds1,48036.02,Increase
2024-10-04,processed_ds1,49080.008,Increase
2024-10-05,processed_ds1,48304.117,Decrease
2024-10-06,processed_ds1,48946.688,Increase
2024-10-07,processed_ds1,48257.94,Decrease
2024-10-08,processed_ds1,48385.066,Increase
2024-10-09,processed_ds1,47135.3,Decrease
2024-10-10,processed_ds1,47677.465,Increase
2024-10-11,processed_ds1,49674.613,Increase
2024-10-12,processed_ds1,49054.03,Decrease
2024-10-13,processed_ds1,48371.836,Decrease
2024-10-14,processed_ds1,51041.273,Increase
2024-10-15,processed_ds1,50359.348,Decrease
2024-10-16,processed_ds1,50326.6,Decrease
2024-10-17,processed_ds1,49846.098,Decrease
2024-10-18,processed_ds1,50770.35,Increase
2024-10-19,processed_ds1,50196.695,Decrease
2024-10-20,processed_ds1,50745.453,Increase
2024-10-21,processed_ds1,49214.63,Decrease
2024-10-22,processed_ds1,49970.016,Increase
2024-10-23,processed_ds1,49324.312,Decrease
2024-10-24,processed_ds1,50955.047,Increase
2024-10-25,processed_ds1,49074.434,Decrease
2024-10-26,processed_ds1,50040.086,Increase
2024-10-27,processed_ds1,50577.668,Increase
2024-10-28,processed_ds1,51597.332,Increase
2024-10-29,processed_ds1,52755.85,Increase
2024-10-30,processed_ds1,51270.195,Decrease
2024-10-31,processed_ds1,49956.95,Decrease
2024-11-01,processed_ds1,50364.215,Increase
2024-11-02,processed_ds1,50453.02,Increase
2024-11-03,processed_ds1,50073.113,Decrease
2024-11-04,processed_ds1,49710.324,Decrease
2024-11-05,processed_ds1,51333.137,Increase
2024-11-06,processed_ds1,54406.715,Increase
2024-11-07,processed_ds1,52692.207,Decrease
2024-11-08,processed_ds1,53030.04,Increase
2024-11-09,processed_ds1,52827.855,Decrease
2024-11-10,processed_ds1,55158.008,Increase
2024-11-11,processed_ds1,57911.676,Increase
2024-11-12,processed_ds1,55965.58,Decrease
2024-11-13,processed_ds1,57635.742,Increase
2024-11-14,processed_ds1,55138.543,Decrease
2024-11-15,processed_ds1,58052.87,Increase
2024-11-16,processed_ds1,56827.2,Decrease
2024-11-17,processed_ds1,56569.48,Decrease
2024-11-18,processed_ds1,57260.33,Increase
2024-11-19,processed_ds1,58024.094,Increase
2024-11-20,processed_ds1,58542.137,Increase
2024-11-21,processed_ds1,59996.535,Increase
2024-11-22,processed_ds1,59441.242,Decrease
2024-11-23,processed_ds1,58656.676,Decrease
2024-11-24,processed_ds1,59061.918,Increase
2024-11-25,processed_ds1,56394.3,Decrease
2024-11-26,processed_ds1,57192.832,Increase
2024-11-27,processed_ds1,59379.836,Increase
2024-11-28,processed_ds1,58341.81,Decrease
2024-11-29,processed_ds1,59394.848,Increase
2024-11-30,processed_ds1,58337.984,Decrease
2024-12-01,processed_ds1,59038.76,Increase
2024-12-02,processed_ds1,58157.746,Decrease
2024-12-03,processed_ds1,58415.23,Increase
2024-12-04,processed_ds1,59789.984,Increase
2024-12-05,processed_ds1,58401.168,Decrease
2024-12-06,processed_ds1,60234.273,Increase
2024-12-07,processed_ds1,59571.027,Decrease
2024-12-08,processed_ds1,60152.28,Increase
2024-12-09,processed_ds1,57846.137,Decrease
2024-12-10,processed_ds1,58477.49,Increase
2024-12-11,processed_ds1,60708.25,Increase
2024-12-12,processed_ds1,59452.746,Decrease
2024-12-13,processed_ds1,60292.965,Increase
2024-12-14,processed_ds1,60033.902,Decrease
2024-12-15,processed_ds1,61382.06,Increase
2024-12-16,processed_ds1,61590.215,Increase
2024-12-17,processed_ds1,61371.145,Decrease
2024-12-18,processed_ds1,58243.625,Decrease
2024-12-19,processed_ds1,58381.707,Increase
2024-12-20,processed_ds1,58876.773,Increase
2024-12-21,processed_ds1,58834.137,Decrease
2024-12-22,processed_ds1,57737.355,Decrease
2024-12-23,processed_ds1,58112.5,Increase
2024-12-24,processed_ds1,59981.67,Increase
2024-12-25,processed_ds1,59561.547,Decrease
2024-12-26,processed_ds1,57554.93,Decrease
2024-12-27,processed_ds1,57735.42,Increase
2024-12-28,processed_ds1,58561.688,Increase
2024-12-29,processed_ds1,57425.16,Decrease
2024-12-30,processed_ds1,57401.945,Decrease
2024-12-31,processed_ds1,58191.24,Increase
2025-01-01,processed_ds1,58360.527,Increase
2025-01-02,processed_ds1,59371.67,Increase
2025-01-03,processed_ds1,59408.57,Increase
2025-01-04,processed_ds1,59117.723,Decrease
2025-01-05,processed_ds1,59161.9,Increase
2025-01-06,processed_ds1,60920.207,Increase
2025-01-07,processed_ds1,57408.71,Decrease
2025-01-08,processed_ds1,57719.527,Increase
2025-01-09,processed_ds1,56824.195,Decrease
2025-01-10,processed_ds1,58742.152,Increase
2025-01-11,processed_ds1,58017.316,Decrease
2025-01-13,processed_ds1,57945.055,Decrease
2025-01-14,processed_ds1,59177.45,Increase
2025-01-15,processed_ds1,60506.8,Increase
2025-01-16,processed_ds1,59425.242,Decrease
2025-01-17,processed_ds1,61491.49,Increase
2025-01-18,processed_ds1,60866.445,Decrease
2025-01-19,processed_ds1,59337.54,Decrease
2025-01-20,processed_ds1,60688.227,Increase
2025-01-21,processed_ds1,61821.91,Increase
2025-01-22,processed_ds1,60090.254,Decrease
2025-01-23,processed_ds1,60808.36,Increase
2025-01-24,processed_ds1,61206.547,Increase
2025-01-25,processed_ds1,60825.773,Decrease
2025-01-26,processed_ds1,59931.023,Decrease
2025-01-27,processed_ds1,59943.258,Increase
2025-01-28,processed_ds1,59894.984,Decrease
2025-01-29,processed_ds1,61132.254,Increase
2025-01-30,processed_ds1,61174.613,Increase
2025-01-31,processed_ds1,59847.453,Decrease
2025-02-01,processed_ds1,59410.55,Decrease
2025-02-02,processed_ds1,58283.73,Decrease
2025-02-03,processed_ds1,60224.62,Increase
2025-02-04,processed_ds1,58122.156,Decrease
2025-02-05,processed_ds1,58470.344,Increase
2025-02-06,processed_ds1,58816.23,Increase
2025-02-07,processed_ds1,58877.17,Increase
2025-02-08,processed_ds1,58577.87,Decrease
2025-02-09,processed_ds1,58625.812,Increase
2025-02-10,processed_ds1,59150.863,Increase
2025-02-11,processed_ds1,58092.125,Decrease
2025-02-12,processed_ds1,59445.05,Increase
2025-02-13,processed_ds1,58336.85,Decrease
2025-02-14,processed_ds1,59219.355,Increase
2025-02-15,processed_ds1,58936.465,Decrease
2025-02-16,processed_ds1,58183.76,Decrease
2025-02-17,processed_ds1,58388.047,Increase
2025-02-18,processed_ds1,58341.555,Decrease
2025-02-19,processed_ds1,58901.902,Increase
2025-02-20,processed_ds1,59539.62,Increase
2025-02-21,processed_ds1,58077.473,Decrease
2025-02-22,processed_ds1,58742.555,Increase
2025-02-23,processed_ds1,58446.625,Decrease
2025-02-24,processed_ds1,55871.344,Decrease
2025-02-25,processed_ds1,55549.31,Decrease
2025-02-26,processed_ds1,53559.65,Decrease
2025-02-27,processed_ds1,55519.37,Increase
2025-02-28,processed_ds1,54747.76,Decrease
2025-03-01,processed_ds1,56159.75,Increase
2025-03-02,processed_ds1,59203.695,Increase
2025-03-03,processed_ds1,52873.535,Decrease
2025-03-04,processed_ds1,56164.414,Increase
2025-03-05,processed_ds1,57791.598,Increase
2025-03-06,processed_ds1,56675.867,Decrease
2025-03-07,processed_ds1,54744.24,Decrease
2025-03-08,processed_ds1,55530.973,Increase
2025-03-09,processed_ds1,51993.984,Decrease
2025-03-10,processed_ds1,52840.273,Increase
2025-03-11,processed_ds1,55830.86,Increase
2025-03-12,processed_ds1,55111.266,Decrease
2025-03-13,processed_ds1,53271.984,Decrease
2025-03-14,processed_ds1,55967.723,Increase
2025-03-15,processed_ds1,55215.9,Decrease
2025-03-16,processed_ds1,54034.46,Decrease
2025-03-17,processed_ds1,55534.047,Increase
2025-03-18,processed_ds1,54138.566,Decrease
2025-03-19,processed_ds1,56958.29,Increase
2025-03-20,processed_ds1,54258.434,Decrease
2025-03-21,processed_ds1,54986.742,Increase
2025-03-22,processed_ds1,54883.168,Decrease
2025-03-23,processed_ds1,56293.746,Increase
2025-03-24,processed_ds1,56550.477,Increase
2025-03-25,processed_ds1,56028.695,Decrease
2025-03-26,processed_ds1,55762.77,Decrease
2025-03-27,processed_ds1,56051.848,Increase
2025-03-28,processed_ds1,54225.562,Decrease
2025-03-29,processed_ds1,54001.152,Decrease
2025-03-30,processed_ds1,54463.395,Increase
2025-03-31,processed_ds1,54702.035,Increase
2025-04-01,processed_ds1,56167.613,Increase
2025-04-02,processed_ds1,53961.57,Decrease
2025-04-03,processed_ds1,54981.707,Increase
2025-04-04,processed_ds1,55213.203,Increase
2025-04-05,processed_ds1,54724.96,Decrease
